phase,event,t_s
ascent,liftoff,0.00
ascent,pitchover,7.80
ascent,gravity_turn,21.80
ascent,sep_superheavy,152.44
ascent,ignition_ship,156.54
ascent,fairing_jettison,209.94
ascent,seco,394.04
cislunar,tli_ignition,3249.68
cislunar,tli_cutoff,3297.59
lunar,loi,250176.99
lunar,doi,257242.32
lunar,pdi,260653.26
lunar,high_gate,260903.76
lunar,touchdown,261028.87
return,liftoff,345461.67
return,orbit_insertion,345704.83
return,docking,349024.83
return,tei,354912.60
return,entry_interface,756900.33
return,splashdown,763627.59
