t_s,x_m,y_m,z_m,alt_m,phase
250176.99,811545.6,-1437011.2,807478.6,99888.6,0
250216.97,752487.4,-1462387.0,819033.1,99888.3,0
250256.94,692478.2,-1485914.5,829552.3,99887.4,0
250296.91,631593.8,-1507564.0,839023.1,99886.0,0
250336.89,569911.1,-1527308.2,847433.5,99884.0,0
250376.86,507508.0,-1545121.9,854772.9,99881.4,0
250416.84,444463.6,-1560982.9,861031.9,99878.2,0
250456.81,380857.4,-1574870.9,866202.6,99874.5,0
250496.78,316769.8,-1586768.4,870278.6,99870.2,0
250536.76,252281.9,-1596660.4,873254.6,99865.4,0
250576.73,187475.0,-1604534.3,875126.9,99860.0,0
250616.70,122431.2,-1610380.2,875893.1,99854.1,0
250656.68,57232.7,-1614190.7,875552.2,99847.7,0
250696.65,-8038.2,-1615960.9,874104.7,99840.7,0
250736.62,-73298.9,-1615688.6,871552.3,99833.2,0
250776.60,-138467.0,-1613374.1,867898.3,99825.2,0
250816.57,-203460.1,-1609020.2,863147.3,99816.7,0
250856.54,-268196.0,-1602632.6,857305.2,99807.8,0
250896.52,-332593.0,-1594219.1,850379.5,99798.4,0
250936.49,-396569.5,-1583790.4,842378.8,99788.5,0
250976.47,-460044.7,-1571359.7,833313.3,99778.1,0
251016.44,-522938.4,-1556942.6,823194.4,99767.4,0
251056.41,-585171.1,-1540557.3,812034.9,99756.2,0
251096.39,-646664.0,-1522224.6,799848.9,99744.6,0
251136.36,-707339.5,-1501967.5,786651.7,99732.6,0
251176.33,-767120.8,-1479811.5,772460.1,99720.3,0
251216.31,-825932.2,-1455784.8,757291.8,99707.6,0
251256.28,-883699.5,-1429917.6,741166.2,99694.6,0
251296.25,-940349.6,-1402242.5,724103.6,99681.2,0
251336.23,-995810.8,-1372794.6,706125.4,99667.6,0
251376.20,-1050013.0,-1341611.0,687254.5,99653.6,0
251416.17,-1102887.6,-1308731.1,667514.6,99639.4,0
251456.15,-1154367.8,-1274196.4,646930.7,99625.0,0
251496.12,-1204388.3,-1238050.6,625528.9,99610.3,0
251536.09,-1252886.0,-1200339.3,603336.1,99595.5,0
251576.07,-1299799.5,-1161110.2,580380.3,99580.4,0
251616.04,-1345069.4,-1120412.8,556690.7,99565.2,0
251656.02,-1388638.4,-1078298.6,532297.1,99549.8,0
251695.99,-1430451.4,-1034820.7,507230.4,99534.3,0
251735.96,-1470455.4,-990034.2,481522.2,99518.7,0
251775.94,-1508599.8,-943995.5,455205.0,99503.0,0
251815.91,-1544836.4,-896763.0,428312.2,99487.3,0
251855.88,-1579119.3,-848396.3,400877.7,99471.5,0
251895.86,-1611405.0,-798956.5,372936.1,99455.7,0
251935.83,-1641652.6,-748506.2,344522.9,99439.9,0
251975.80,-1669823.9,-697109.1,315673.9,99424.1,0
252015.78,-1695883.1,-644830.1,286425.6,99408.4,0
252055.75,-1719797.3,-591735.5,256815.0,99392.7,0
252095.72,-1741536.1,-537892.3,226879.6,99377.2,0
252135.70,-1761071.9,-483368.6,196657.2,99361.7,0
252175.67,-1778380.1,-428233.3,166186.0,99346.4,0
252215.65,-1793438.6,-372556.2,135504.6,99331.2,0
252255.62,-1806228.3,-316407.7,104651.8,99316.2,0
252295.59,-1816733.0,-259858.8,73666.6,99301.4,0
252335.57,-1824939.3,-202981.0,42588.2,99286.8,0
252375.54,-1830836.8,-145846.2,11456.0,99272.4,0
252415.51,-1834417.9,-88526.8,-19690.6,99258.3,0
252455.49,-1835678.0,-31095.2,-50812.3,99244.4,0
252495.46,-1834615.6,26375.8,-81869.6,99230.8,0
252535.43,-1831231.8,83813.7,-112823.2,99217.5,0
252575.41,-1825530.9,141145.6,-143634.0,99204.5,0
252615.38,-1817520.1,198299.0,-174262.9,99191.8,0
252655.35,-1807209.4,255201.7,-204671.3,99179.4,0
252695.33,-1794611.8,311781.4,-234820.5,99167.4,0
252735.30,-1779743.3,367966.8,-264672.5,99155.8,0
252775.28,-1762622.6,423686.5,-294189.5,99144.6,0
252815.25,-1743271.3,478870.2,-323334.2,99133.8,0
252855.22,-1721713.9,533447.9,-352069.7,99123.5,0
252895.20,-1697977.6,587350.5,-380359.6,99113.5,0
252935.17,-1672092.4,640509.9,-408168.2,99104.1,0
252975.14,-1644091.1,692858.6,-435460.2,99095.1,0
253015.12,-1614009.0,744330.5,-462201.1,99086.5,0
253055.09,-1581884.2,794860.4,-488357.0,99078.5,0
253095.06,-1547757.3,844384.3,-513894.9,99070.9,0
253135.04,-1511671.5,892839.5,-538782.4,99063.9,0
253175.01,-1473672.5,940164.6,-562988.0,99057.3,0
253214.98,-1433808.3,986299.8,-586481.0,99051.3,0
253254.96,-1392129.5,1031186.7,-609231.6,99045.9,0
253294.93,-1348688.6,1074768.3,-631211.1,99041.0,0
253334.90,-1303540.8,1116989.7,-652391.7,99036.6,0
253374.88,-1256743.1,1157797.3,-672746.4,99032.9,0
253414.85,-1208354.9,1197139.5,-692249.6,99029.7,0
253454.83,-1158437.2,1234966.5,-710876.5,99027.1,0
253494.80,-1107053.3,1271230.5,-728603.6,99025.1,0
253534.77,-1054268.3,1305885.4,-745408.4,99023.7,0
253574.75,-1000148.9,1338887.5,-761269.7,99022.9,0
253614.72,-944763.6,1370194.9,-776167.3,99022.6,0
253654.69,-888182.6,1399768.2,-790082.4,99023.0,0
253694.67,-830477.4,1427569.8,-802997.4,99024.0,0
253734.64,-771721.2,1453564.5,-814896.0,99025.5,0
253774.61,-711988.1,1477719.5,-825763.1,99027.7,0
253814.59,-651354.0,1500004.1,-835585.0,99030.4,0
253854.56,-589895.5,1520390.3,-844349.2,99033.8,0
253894.53,-527690.4,1538852.2,-852044.7,99037.7,0
253934.51,-464817.4,1555366.4,-858661.6,99042.2,0
253974.48,-401356.2,1569912.1,-864191.8,99047.2,0
254014.46,-337387.0,1582470.9,-868628.1,99052.8,0
254054.43,-272990.8,1593026.9,-871964.9,99059.0,0
254094.40,-208249.2,1601566.7,-874198.2,99065.7,0
254134.38,-143244.0,1608079.6,-875325.0,99072.9,0
254174.35,-78057.6,1612557.3,-875343.9,99080.6,0
254214.32,-12772.4,1614994.3,-874255.0,99088.9,0
254254.30,52528.9,1615387.3,-872059.7,99097.6,0
254294.27,117763.7,1613736.1,-868760.6,99106.9,0
254334.24,182849.4,1610042.6,-864362.2,99116.6,0
254374.22,247703.7,1604311.7,-858869.8,99126.8,0
254414.19,312244.5,1596550.5,-852290.6,99137.4,0
254454.16,376390.1,1586769.0,-844632.9,99148.4,0
254494.14,440059.3,1574979.5,-835906.3,99159.8,0
254534.11,503171.7,1561197.1,-826122.0,99171.7,0
254574.09,565647.3,1545439.1,-815292.3,99183.9,0
254614.06,627407.1,1527725.6,-803431.0,99196.5,0
254654.03,688372.9,1508079.1,-790553.1,99209.4,0
254694.01,748467.7,1486524.4,-776675.0,99222.7,0
254733.98,807615.5,1463088.9,-761814.2,99236.2,0
254773.95,865741.3,1437802.2,-745989.5,99250.1,0
254813.93,922771.8,1410696.4,-729221.0,99264.2,0
254853.90,978634.7,1381805.9,-711529.9,99278.6,0
254893.87,1033259.5,1351167.2,-692938.6,99293.2,0
254933.85,1086577.1,1318819.1,-673470.7,99308.0,0
254973.82,1138519.9,1284802.6,-653150.8,99323.0,0
255013.79,1189022.5,1249160.9,-632004.7,99338.2,0
255053.77,1238020.9,1211938.9,-610059.1,99353.5,0
255093.74,1285453.1,1173183.8,-587341.8,99369.0,0
255133.71,1331259.3,1132944.8,-563881.5,99384.6,0
255173.69,1375381.5,1091272.7,-539708.0,99400.3,0
255213.66,1417764.0,1048220.3,-514851.8,99416.0,0
255253.64,1458353.2,1003842.1,-489344.4,99431.8,0
255293.61,1497097.8,958194.2,-463218.1,99447.6,0
255333.58,1533948.9,911334.4,-436505.9,99463.4,0
255373.56,1568859.9,863322.0,-409241.6,99479.1,0
255413.53,1601786.7,814217.8,-381459.8,99494.9,0
255453.50,1632687.7,764083.9,-353195.6,99510.6,0
255493.48,1661523.9,712983.7,-324484.7,99526.2,0
255533.45,1688258.9,660981.9,-295363.5,99541.7,0
255573.42,1712858.9,608144.2,-265868.7,99557.1,0
255613.40,1735292.9,554537.5,-236037.8,99572.3,0
255653.37,1755532.6,500229.5,-205908.3,99587.4,0
255693.34,1773552.4,445289.1,-175518.5,99602.2,0
255733.32,1789329.6,389785.6,-144906.8,99616.9,0
255773.29,1802844.3,333789.3,-114111.9,99631.4,0
255813.27,1814079.4,277371.0,-83172.7,99645.6,0
255853.24,1823020.9,220602.0,-52128.3,99659.6,0
255893.21,1829657.4,163554.0,-21018.0,99673.2,0
255933.19,1833980.7,106299.3,10118.8,99686.6,0
255973.16,1835985.3,48910.3,41242.9,99699.7,0
256013.13,1835668.7,-8540.6,72314.8,99712.4,0
256053.11,1833031.4,-65980.7,103295.3,99724.8,0
256093.08,1828076.7,-123337.4,134145.1,99736.8,0
256133.05,1820811.1,-180538.1,164825.4,99748.4,0
256173.03,1811243.6,-237510.6,195297.4,99759.7,0
256213.00,1799386.4,-294182.8,225522.4,99770.5,0
256252.97,1785254.7,-350483.2,255462.4,99780.9,0
256292.95,1768866.2,-406340.5,285079.4,99790.9,0
256332.92,1750241.7,-461684.1,314336.1,99800.4,0
256372.90,1729404.8,-516444.1,343195.4,99809.4,0
256412.87,1706381.9,-570551.4,371620.9,99818.0,0
256452.84,1681202.1,-623937.4,399576.7,99826.1,0
256492.82,1653897.2,-676534.8,427027.4,99833.7,0
256532.79,1624501.9,-728277.0,453938.4,99840.8,0
256572.76,1593053.2,-779098.7,480275.6,99847.4,0
256612.74,1559591.0,-828935.6,506005.7,99853.4,0
256652.71,1524157.5,-877724.8,531096.3,99858.9,0
256692.68,1486797.6,-925404.7,555515.6,99863.9,0
256732.66,1447558.5,-971914.8,579232.8,99868.3,0
256772.63,1406489.9,-1017196.6,602217.9,99872.2,0
256812.60,1363643.5,-1061192.7,624441.9,99875.5,0
256852.58,1319073.7,-1103847.6,645876.6,99878.2,0
256892.55,1272836.6,-1145107.3,666495.0,99880.4,0
256932.52,1224990.9,-1184919.7,686271.0,99882.1,0
256972.50,1175596.9,-1223234.5,705179.7,99883.1,0
257012.47,1124717.1,-1260003.3,723197.1,99883.6,0
257052.45,1072415.8,-1295179.6,740300.4,99883.5,0
257092.42,1018759.0,-1328719.0,756468.2,99882.8,0
257132.39,963814.7,-1360579.0,771679.8,99881.6,0
257172.37,907652.2,-1390719.4,785916.1,99879.8,0
257212.34,850342.6,-1419102.0,799159.1,99877.4,0
257242.32,806651.0,-1439213.8,808429.4,99875.3,0
257242.32,806651.0,-1439213.8,808429.4,99875.3,1
257258.31,783383.3,-1449401.8,813083.5,99869.6,1
257274.31,759956.9,-1459296.4,817573.1,99855.1,1
257290.31,736376.8,-1468895.6,821897.2,99831.7,1
257306.30,712647.6,-1478197.6,826055.0,99799.4,1
257322.30,688774.2,-1487200.3,830045.5,99758.2,1
257338.29,664761.4,-1495902.0,833868.1,99708.2,1
257354.29,640614.0,-1504300.9,837521.8,99649.3,1
257370.28,616336.9,-1512395.2,841006.0,99581.6,1
257386.28,591934.9,-1520183.3,844319.9,99505.1,1
257402.27,567413.2,-1527663.6,847462.8,99419.8,1
257418.27,542776.5,-1534834.4,850434.0,99325.6,1
257434.26,518029.8,-1541694.3,853233.0,99222.7,1
257450.26,493178.2,-1548241.9,855859.2,99111.0,1
257466.25,468226.6,-1554475.8,858311.9,98990.6,1
257482.25,443180.2,-1560394.6,860590.6,98861.5,1
257498.24,418043.9,-1565997.1,862694.9,98723.6,1
257514.24,392822.9,-1571282.0,864624.3,98577.1,1
257530.23,367522.2,-1576248.3,866378.3,98422.0,1
257546.23,342146.9,-1580894.8,867956.5,98258.3,1
257562.22,316702.2,-1585220.5,869358.6,98086.0,1
257578.22,291193.2,-1589224.4,870584.3,97905.1,1
257594.21,265625.1,-1592905.7,871633.2,97715.7,1
257610.21,240003.0,-1596263.5,872505.1,97517.9,1
257626.20,214332.2,-1599296.9,873199.7,97311.6,1
257642.20,188617.8,-1602005.3,873716.9,97096.9,1
257658.19,162865.0,-1604388.1,874056.4,96873.9,1
257674.19,137079.2,-1606444.5,874218.1,96642.5,1
257690.18,111265.4,-1608174.1,874202.0,96402.9,1
257706.18,85429.0,-1609576.4,874008.0,96155.1,1
257722.17,59575.3,-1610650.9,873636.0,95899.0,1
257738.17,33709.3,-1611397.3,873086.0,95634.9,1
257754.16,7836.5,-1611815.3,872358.2,95362.6,1
257770.16,-18037.9,-1611904.8,871452.4,95082.4,1
257786.15,-43908.6,-1611665.4,870368.9,94794.1,1
257802.15,-69770.4,-1611097.1,869107.8,94498.0,1
257818.14,-95617.9,-1610199.9,867669.2,94193.9,1
257834.14,-121445.9,-1608973.8,866053.4,93882.1,1
257850.13,-147249.0,-1607418.8,864260.6,93562.5,1
257866.13,-173022.1,-1605535.1,862291.1,93235.3,1
257882.12,-198759.8,-1603323.0,860145.1,92900.4,1
257898.12,-224456.7,-1600782.6,857823.1,92558.0,1
257914.11,-250107.7,-1597914.4,855325.3,92208.1,1
257930.11,-275707.5,-1594718.7,852652.3,91850.7,1
257946.10,-301250.7,-1591195.9,849804.4,91486.0,1
257962.10,-326732.1,-1587346.7,846782.2,91114.0,1
257978.09,-352146.4,-1583171.6,843586.1,90734.9,1
257994.09,-377488.4,-1578671.3,840216.7,90348.5,1
258010.08,-402752.8,-1573846.4,836674.6,89955.1,1
258026.08,-427934.3,-1568697.8,832960.4,89554.7,1
258042.07,-453027.8,-1563226.3,829074.8,89147.5,1
258058.07,-478027.9,-1557432.8,825018.3,88733.3,1
258074.06,-502929.6,-1551318.3,820791.9,88312.5,1
258090.06,-527727.4,-1544883.9,816396.1,87884.9,1
258106.05,-552416.4,-1538130.6,811831.8,87450.8,1
258122.05,-576991.3,-1531059.6,807099.9,87010.2,1
258138.04,-601446.9,-1523672.1,802201.1,86563.2,1
258154.04,-625778.1,-1515969.4,797136.4,86109.8,1
258170.03,-649979.8,-1507953.0,791906.7,85650.2,1
258186.03,-674046.8,-1499624.1,786513.0,85184.5,1
258202.02,-697974.1,-1490984.4,780956.1,84712.7,1
258218.02,-721756.6,-1482035.3,775237.3,84235.0,1
258234.01,-745389.2,-1472778.4,769357.5,83751.3,1
258250.01,-768866.9,-1463215.5,763317.8,83262.0,1
258266.00,-792184.7,-1453348.3,757119.3,82766.9,1
258282.00,-815337.6,-1443178.6,750763.3,82266.3,1
258297.99,-838320.7,-1432708.2,744250.8,81760.2,1
258313.99,-861129.0,-1421939.2,737583.2,81248.7,1
258329.98,-883757.6,-1410873.4,730761.7,80732.0,1
258345.98,-906201.6,-1399512.9,723787.5,80210.1,1
258361.97,-928456.3,-1387860.0,716662.1,79683.1,1
258377.97,-950516.7,-1375916.6,709386.7,79151.2,1
258393.96,-972378.0,-1363685.2,701962.8,78614.4,1
258409.96,-994035.6,-1351168.0,694391.8,78072.8,1
258425.95,-1015484.6,-1338367.3,686675.2,77526.7,1
258441.95,-1036720.5,-1325285.6,678814.3,76976.0,1
258457.94,-1057738.5,-1311925.5,670810.8,76420.9,1
258473.94,-1078534.0,-1298289.3,662666.2,75861.5,1
258489.93,-1099102.5,-1284379.9,654382.1,75298.0,1
258505.93,-1119439.3,-1270199.8,645960.1,74730.3,1
258521.92,-1139540.0,-1255751.7,637401.9,74158.7,1
258537.92,-1159400.2,-1241038.6,628709.0,73583.3,1
258553.91,-1179015.3,-1226063.1,619883.4,73004.2,1
258569.91,-1198381.0,-1210828.3,610926.5,72421.4,1
258585.90,-1217493.0,-1195337.2,601840.4,71835.2,1
258601.90,-1236347.0,-1179592.6,592626.6,71245.6,1
258617.89,-1254938.7,-1163597.9,583287.2,70652.8,1
258633.89,-1273263.8,-1147356.0,573823.9,70056.9,1
258649.88,-1291318.4,-1130870.2,564238.6,69458.0,1
258665.88,-1309098.1,-1114143.8,554533.2,68856.2,1
258681.87,-1326599.1,-1097180.1,544709.7,68251.6,1
258697.87,-1343817.1,-1079982.4,534770.1,67644.5,1
258713.86,-1360748.4,-1062554.3,524716.4,67034.9,1
258729.86,-1377389.0,-1044899.1,514550.6,66422.9,1
258745.85,-1393735.1,-1027020.5,504274.7,65808.7,1
258761.85,-1409782.7,-1008922.0,493890.8,65192.3,1
258777.84,-1425528.3,-990607.3,483401.2,64574.1,1
258793.84,-1440968.1,-972080.1,472807.8,63953.9,1
258809.83,-1456098.4,-953344.2,462112.9,63332.1,1
258825.83,-1470915.8,-934403.3,451318.7,62708.7,1
258841.82,-1485416.6,-915261.3,440427.3,62083.8,1
258857.82,-1499597.5,-895922.2,429441.1,61457.6,1
258873.81,-1513455.0,-876389.8,418362.3,60830.3,1
258889.81,-1526985.8,-856668.3,407193.1,60201.9,1
258905.80,-1540186.6,-836761.7,395936.0,59572.6,1
258921.80,-1553054.3,-816674.1,384593.2,58942.5,1
258937.79,-1565585.8,-796409.6,373167.2,58311.8,1
258953.79,-1577777.8,-775972.4,361660.3,57680.5,1
258969.78,-1589627.5,-755366.9,350074.8,57048.9,1
258985.78,-1601131.8,-734597.3,338413.4,56417.1,1
259001.77,-1612288.0,-713667.9,326678.3,55785.2,1
259017.77,-1623093.2,-692583.1,314872.1,55153.4,1
259033.76,-1633544.8,-671347.4,302997.4,54521.7,1
259049.76,-1643639.9,-649965.3,291056.5,53890.3,1
259065.75,-1653376.2,-628441.2,279052.0,53259.4,1
259081.75,-1662751.0,-606779.7,266986.6,52629.1,1
259097.74,-1671761.9,-584985.4,254862.7,51999.6,1
259113.74,-1680406.6,-563062.9,242683.0,51370.9,1
259129.73,-1688682.8,-541017.0,230450.1,50743.2,1
259145.73,-1696588.2,-518852.2,218166.5,50116.7,1
259161.72,-1704120.8,-496573.4,205835.1,49491.5,1
259177.72,-1711278.6,-474185.4,193458.3,48867.7,1
259193.71,-1718059.4,-451692.9,181039.0,48245.4,1
259209.71,-1724461.5,-429100.8,168579.7,47624.9,1
259225.70,-1730483.0,-406414.0,156083.2,47006.3,1
259241.70,-1736122.2,-383637.3,143552.3,46389.6,1
259257.69,-1741377.5,-360775.9,130989.6,45775.0,1
259273.69,-1746247.3,-337834.5,118397.9,45162.7,1
259289.68,-1750730.1,-314818.2,105780.0,44552.8,1
259305.68,-1754824.6,-291732.1,93138.6,43945.5,1
259321.67,-1758529.4,-268581.2,80476.6,43340.8,1
259337.67,-1761843.2,-245370.6,67796.6,42739.0,1
259353.66,-1764765.1,-222105.3,55101.6,42140.0,1
259369.66,-1767293.9,-198790.6,42394.3,41544.2,1
259385.65,-1769428.6,-175431.5,29677.6,40951.6,1
259401.65,-1771168.4,-152033.2,16954.3,40362.4,1
259417.64,-1772512.5,-128600.9,4227.2,39776.6,1
259433.64,-1773460.3,-105139.8,-8500.9,39194.5,1
259449.63,-1774011.0,-81655.2,-21227.0,38616.1,1
259465.63,-1774164.3,-58152.3,-33948.4,38041.7,1
259481.62,-1773919.6,-34636.2,-46662.1,37471.2,1
259497.62,-1773276.7,-11112.4,-59365.4,36904.9,1
259513.61,-1772235.3,12413.9,-72055.2,36342.9,1
259529.61,-1770795.3,35937.5,-84728.9,35785.4,1
259545.60,-1768956.5,59453.0,-97383.5,35232.3,1
259561.60,-1766719.2,82955.1,-110016.1,34684.0,1
259577.59,-1764083.3,106438.6,-122623.8,34140.4,1
259593.59,-1761049.1,129898.0,-135203.9,33601.8,1
259609.58,-1757617.0,153328.1,-147753.4,33068.3,1
259625.58,-1753787.3,176723.5,-160269.4,32539.9,1
259641.57,-1749560.6,200079.0,-172749.1,32016.9,1
259657.57,-1744937.4,223389.1,-185189.7,31499.3,1
259673.56,-1739918.6,246648.6,-197588.3,30987.2,1
259689.56,-1734504.8,269852.1,-209942.0,30480.8,1
259705.55,-1728696.9,292994.3,-222248.0,29980.2,1
259721.55,-1722496.0,316070.0,-234503.4,29485.6,1
259737.54,-1715903.1,339073.7,-246705.5,28996.9,1
259753.54,-1708919.5,362000.1,-258851.4,28514.5,1
259769.53,-1701546.3,384844.1,-270938.2,28038.2,1
259785.53,-1693784.9,407600.3,-282963.3,27568.4,1
259801.52,-1685636.8,430263.5,-294923.7,27105.1,1
259817.52,-1677103.6,452828.3,-306816.7,26648.3,1
259833.51,-1668186.9,475289.7,-318639.6,26198.3,1
259849.51,-1658888.4,497642.2,-330389.6,25755.1,1
259865.50,-1649210.0,519880.8,-342063.9,25318.8,1
259881.50,-1639153.7,542000.3,-353659.8,24889.5,1
259897.49,-1628721.4,563995.5,-365174.6,24467.4,1
259913.49,-1617915.3,585861.2,-376605.6,24052.6,1
259929.48,-1606737.6,607592.3,-387950.1,23645.0,1
259945.48,-1595190.7,629183.9,-399205.4,23244.9,1
259961.47,-1583276.8,650630.7,-410368.9,22852.3,1
259977.47,-1570998.5,671927.7,-421438.0,22467.4,1
259993.46,-1558358.5,693070.1,-432410.0,22090.2,1
260009.46,-1545359.3,714052.7,-443282.4,21720.8,1
260025.45,-1532003.8,734870.6,-454052.6,21359.3,1
260041.45,-1518294.8,755519.0,-464718.0,21005.8,1
260057.44,-1504235.3,775993.0,-475276.1,20660.4,1
260073.44,-1489828.2,796287.7,-485724.5,20323.1,1
260089.43,-1475076.9,816398.3,-496060.5,19994.1,1
260105.43,-1459984.3,836320.1,-506281.9,19673.4,1
260121.42,-1444554.0,856048.4,-516386.1,19361.1,1
260137.42,-1428789.2,875578.5,-526370.7,19057.3,1
260153.41,-1412693.4,894905.7,-536233.4,18762.1,1
260169.41,-1396270.2,914025.6,-545971.9,18475.5,1
260185.40,-1379523.3,932933.5,-555583.7,18197.6,1
260201.40,-1362456.4,951625.0,-565066.6,17928.4,1
260217.39,-1345073.3,970095.6,-574418.4,17668.1,1
260233.39,-1327377.8,988341.0,-583636.8,17416.7,1
260249.38,-1309374.1,1006356.8,-592719.6,17174.3,1
260265.38,-1291066.0,1024138.8,-601664.7,16940.9,1
260281.37,-1272457.9,1041682.6,-610469.8,16716.6,1
260297.37,-1253553.7,1058984.2,-619133.0,16501.4,1
260313.36,-1234358.0,1076039.4,-627652.2,16295.4,1
260329.36,-1214875.0,1092844.2,-636025.2,16098.7,1
260345.35,-1195109.1,1109394.5,-644250.2,15911.2,1
260361.35,-1175065.0,1125686.5,-652325.1,15733.1,1
260377.34,-1154747.1,1141716.2,-660248.0,15564.4,1
260393.34,-1134160.1,1157479.9,-668017.1,15405.1,1
260409.33,-1113308.8,1172973.8,-675630.4,15255.3,1
260425.33,-1092197.9,1188194.3,-683086.2,15114.9,1
260441.32,-1070832.3,1203137.6,-690382.7,14984.1,1
260457.32,-1049216.9,1217800.3,-697518.1,14862.9,1
260473.31,-1027356.8,1232178.9,-704490.8,14751.3,1
260489.31,-1005256.9,1246270.0,-711299.0,14649.3,1
260505.30,-982922.4,1260070.2,-717941.3,14556.9,1
260521.30,-960358.5,1273576.3,-724415.9,14474.2,1
260537.29,-937570.4,1286785.0,-730721.4,14401.3,1
260553.29,-914563.3,1299693.3,-736856.3,14338.0,1
260569.28,-891342.8,1312298.2,-742819.1,14284.5,1
260585.28,-867914.0,1324596.5,-748608.4,14240.7,1
260601.27,-844282.6,1336585.5,-754222.9,14206.7,1
260617.27,-820454.0,1348262.3,-759661.1,14182.4,1
260633.26,-796433.7,1359624.2,-764921.9,14167.9,1
260649.26,-772227.4,1370668.5,-770004.1,14163.2,1
260653.26,-766147.4,1373379.7,-771246.5,14163.6,1
