t_s,alt_m,downrange_m,v_ms,v_horiz_ms,v_vert_ms,mass_kg,throttle,pitch_deg
0.00,15000.00,0.04,1692.677,1692.677,0.000,9171.89,1.0000,-6.544
2.00,14998.95,3346.70,1682.913,1682.912,-1.046,9142.38,1.0000,-6.345
4.00,14995.81,6674.01,1673.115,1673.114,-2.100,9112.87,1.0000,-6.146
6.00,14990.55,9981.87,1663.284,1663.281,-3.160,9083.37,1.0000,-5.947
8.00,14983.17,13270.20,1653.421,1653.416,-4.227,9053.86,1.0000,-5.748
10.00,14973.64,16538.96,1643.525,1643.516,-5.300,9024.35,1.0000,-5.549
12.00,14961.96,19788.07,1633.595,1633.583,-6.379,8994.84,1.0000,-5.350
14.00,14948.12,23017.48,1623.633,1623.616,-7.463,8965.33,1.0000,-5.151
16.00,14932.10,26227.11,1613.637,1613.614,-8.553,8935.82,1.0000,-4.952
18.00,14913.90,29416.91,1603.608,1603.579,-9.648,8906.31,1.0000,-4.753
20.00,14893.51,32586.82,1593.545,1593.509,-10.747,8876.80,1.0000,-4.554
22.00,14870.91,35736.75,1583.449,1583.404,-11.851,8847.29,1.0000,-4.355
24.00,14846.10,38866.66,1573.318,1573.265,-12.959,8817.78,1.0000,-4.156
26.00,14819.07,41976.47,1563.154,1563.091,-14.070,8788.27,1.0000,-3.958
28.00,14789.82,45066.12,1552.956,1552.882,-15.185,8758.76,1.0000,-3.759
30.00,14758.33,48135.55,1542.724,1542.638,-16.303,8729.25,1.0000,-3.560
32.00,14724.60,51184.68,1532.458,1532.359,-17.423,8699.74,1.0000,-3.361
34.00,14688.64,54213.45,1522.157,1522.044,-18.546,8670.23,1.0000,-3.162
36.00,14650.42,57221.80,1511.822,1511.694,-19.670,8640.72,1.0000,-2.963
38.00,14609.95,60209.64,1501.453,1501.309,-20.797,8611.21,1.0000,-2.764
40.00,14567.23,63176.93,1491.048,1490.887,-21.924,8581.70,1.0000,-2.565
42.00,14522.26,66123.58,1480.609,1480.429,-23.052,8552.19,1.0000,-2.366
44.00,14475.02,69049.54,1470.134,1469.935,-24.181,8522.69,1.0000,-2.167
46.00,14425.53,71954.72,1459.625,1459.405,-25.310,8493.18,1.0000,-1.968
48.00,14373.78,74839.06,1449.080,1448.839,-26.439,8463.67,1.0000,-1.769
50.00,14319.78,77702.50,1438.500,1438.236,-27.567,8434.16,1.0000,-1.570
52.00,14263.52,80544.95,1427.884,1427.595,-28.694,8404.65,1.0000,-1.371
54.00,14205.01,83366.36,1417.232,1416.918,-29.819,8375.14,1.0000,-1.172
56.00,14144.24,86166.64,1406.545,1406.204,-30.943,8345.63,1.0000,-0.974
58.00,14081.23,88945.73,1395.821,1395.453,-32.065,8316.12,1.0000,-0.775
60.00,14015.98,91703.55,1385.061,1384.664,-33.184,8286.61,1.0000,-0.576
62.00,13948.50,94440.04,1374.265,1373.837,-34.300,8257.10,1.0000,-0.377
64.00,13878.79,97155.11,1363.432,1362.972,-35.413,8227.59,1.0000,-0.178
66.00,13806.85,99848.69,1352.563,1352.070,-36.522,8198.08,1.0000,0.021
68.00,13732.70,102520.72,1341.656,1341.129,-37.627,8168.57,1.0000,0.220
70.00,13656.35,105171.11,1330.713,1330.149,-38.727,8139.06,1.0000,0.419
72.00,13577.80,107799.80,1319.732,1319.131,-39.822,8109.55,1.0000,0.618
74.00,13497.06,110406.70,1308.714,1308.074,-40.911,8080.04,1.0000,0.817
76.00,13414.16,112991.74,1297.658,1296.979,-41.995,8050.53,1.0000,1.016
78.00,13329.09,115554.84,1286.565,1285.844,-43.072,8021.02,1.0000,1.215
80.00,13241.87,118095.93,1275.433,1274.669,-44.142,7991.51,1.0000,1.414
82.00,13152.52,120614.92,1264.263,1263.455,-45.205,7962.01,1.0000,1.613
84.00,13061.06,123111.75,1253.055,1252.201,-46.261,7932.50,1.0000,1.812
86.00,12967.49,125586.33,1241.809,1240.907,-47.308,7902.99,1.0000,2.011
88.00,12871.83,128038.58,1230.523,1229.573,-48.346,7873.48,1.0000,2.209
90.00,12774.11,130468.42,1219.199,1218.198,-49.375,7843.97,1.0000,2.408
92.00,12674.34,132875.78,1207.835,1206.783,-50.395,7814.46,1.0000,2.607
94.00,12572.53,135260.57,1196.432,1195.327,-51.405,7784.95,1.0000,2.806
96.00,12468.72,137622.71,1184.989,1183.830,-52.404,7755.44,1.0000,3.005
98.00,12362.93,139962.12,1173.506,1172.291,-53.391,7725.93,1.0000,3.204
100.00,12255.17,142278.72,1161.984,1160.711,-54.368,7696.42,1.0000,3.403
102.00,12145.46,144572.41,1150.420,1149.089,-55.332,7666.91,1.0000,3.602
104.00,12033.85,146843.13,1138.817,1137.425,-56.283,7637.40,1.0000,3.801
106.00,11920.34,149090.79,1127.172,1125.719,-57.222,7607.89,1.0000,4.000
108.00,11804.97,151315.30,1115.487,1113.970,-58.147,7578.38,1.0000,4.199
110.00,11687.76,153516.57,1103.760,1102.179,-59.057,7548.87,1.0000,4.398
112.00,11568.75,155694.53,1091.992,1090.345,-59.953,7519.36,1.0000,4.597
114.00,11447.96,157849.07,1080.182,1078.467,-60.833,7489.85,1.0000,4.796
116.00,11325.43,159980.13,1068.329,1066.546,-61.698,7460.34,1.0000,4.995
118.00,11201.18,162087.60,1056.435,1054.582,-62.546,7430.83,1.0000,5.193
120.00,11075.25,164171.40,1044.498,1042.573,-63.378,7401.33,1.0000,5.392
122.00,10947.68,166231.45,1032.518,1030.520,-64.192,7371.82,1.0000,5.591
124.00,10818.50,168267.64,1020.495,1018.423,-64.987,7342.31,1.0000,5.790
126.00,10687.74,170279.90,1008.428,1006.281,-65.764,7312.80,1.0000,5.989
128.00,10555.45,172268.13,996.318,994.095,-66.522,7283.29,1.0000,6.188
130.00,10421.67,174232.23,984.164,981.862,-67.260,7253.78,1.0000,6.387
132.00,10286.43,176172.13,971.965,969.585,-67.977,7224.27,1.0000,6.586
134.00,10149.77,178087.72,959.722,957.262,-68.674,7194.76,1.0000,6.785
136.00,10011.75,179978.90,947.434,944.892,-69.348,7165.25,1.0000,6.984
138.00,9872.39,181845.60,935.100,932.477,-70.001,7135.74,1.0000,7.183
140.00,9731.76,183687.71,922.722,920.014,-70.630,7106.23,1.0000,7.382
142.00,9589.89,185505.13,910.297,907.505,-71.236,7076.72,1.0000,7.581
144.00,9446.83,187297.77,897.826,894.949,-71.817,7047.21,1.0000,7.780
146.00,9302.64,189065.53,885.309,882.346,-72.373,7017.70,1.0000,7.979
148.00,9157.36,190808.32,872.745,869.694,-72.904,6988.19,1.0000,8.178
150.00,9011.04,192526.04,860.133,856.995,-73.409,6958.68,1.0000,8.376
152.00,8863.74,194218.58,847.474,844.247,-73.886,6929.17,1.0000,8.575
154.00,8715.51,195885.85,834.767,831.451,-74.336,6899.66,1.0000,8.774
156.00,8566.41,197527.75,822.012,818.606,-74.758,6870.15,1.0000,8.973
158.00,8416.50,199144.17,809.209,805.711,-75.150,6840.65,1.0000,9.172
160.00,8265.83,200735.02,796.356,792.768,-75.513,6811.14,1.0000,9.371
162.00,8114.47,202300.20,783.454,779.774,-75.845,6781.63,1.0000,9.570
164.00,7962.47,203839.58,770.502,766.730,-76.146,6752.12,1.0000,9.769
166.00,7809.91,205353.09,757.500,753.636,-76.415,6722.61,1.0000,9.968
168.00,7656.84,206840.60,744.447,740.491,-76.651,6693.10,1.0000,10.167
170.00,7503.33,208302.02,731.344,727.295,-76.853,6663.59,1.0000,10.366
172.00,7349.45,209737.24,718.189,714.047,-77.021,6634.08,1.0000,10.565
174.00,7195.27,211146.14,704.983,700.748,-77.154,6604.57,1.0000,10.764
176.00,7040.86,212528.63,691.724,687.397,-77.251,6575.06,1.0000,10.963
178.00,6886.29,213884.60,678.413,673.993,-77.312,6545.55,1.0000,11.162
180.00,6731.63,215213.92,665.048,660.537,-77.334,6516.04,1.0000,11.361
182.00,6576.98,216516.51,651.631,647.027,-77.319,6486.53,1.0000,11.559
184.00,6422.39,217792.24,638.159,633.464,-77.264,6457.02,1.0000,11.758
186.00,6267.95,219041.00,624.633,619.848,-77.169,6427.51,1.0000,11.957
188.00,6113.74,220262.68,611.052,606.177,-77.033,6398.00,1.0000,12.156
190.00,5959.84,221457.16,597.416,592.452,-76.855,6368.49,1.0000,12.355
192.00,5806.34,222624.34,583.724,578.672,-76.635,6338.98,1.0000,12.554
194.00,5653.33,223764.10,569.976,564.837,-76.371,6309.47,1.0000,12.753
196.00,5500.89,224876.32,556.172,550.946,-76.062,6279.97,1.0000,12.952
198.00,5349.11,225960.89,542.310,536.999,-75.708,6250.46,1.0000,13.151
200.00,5198.09,227017.69,528.391,522.996,-75.308,6220.95,1.0000,13.350
202.00,5047.91,228046.60,514.413,508.937,-74.860,6191.44,1.0000,13.549
204.00,4898.68,229047.50,500.377,494.820,-74.364,6161.93,1.0000,13.748
206.00,4750.49,230020.27,486.282,480.647,-73.819,6132.42,1.0000,13.947
208.00,4603.44,230964.80,472.128,466.415,-73.223,6102.91,1.0000,14.146
210.00,4457.63,231880.96,457.913,452.125,-72.576,6073.40,1.0000,14.345
212.00,4313.16,232768.63,443.638,437.777,-71.877,6043.89,1.0000,14.543
214.00,4170.15,233627.69,429.302,423.369,-71.125,6014.38,1.0000,14.742
216.00,4028.70,234458.01,414.905,408.903,-70.318,5984.87,1.0000,14.941
218.00,3888.92,235259.48,400.446,394.376,-69.455,5955.36,1.0000,15.140
220.00,3750.92,236031.95,385.924,379.790,-68.536,5925.85,1.0000,15.339
222.00,3614.81,236775.32,371.340,365.143,-67.560,5896.34,1.0000,15.538
224.00,3480.72,237489.45,356.693,350.435,-66.525,5866.83,1.0000,15.737
226.00,3348.75,238174.21,341.983,335.665,-65.430,5837.32,1.0000,15.936
228.00,3219.04,238829.48,327.209,320.834,-64.274,5807.81,1.0000,16.135
230.00,3091.70,239455.13,312.371,305.940,-63.055,5778.30,1.0000,16.334
232.00,2966.86,240051.03,297.469,290.984,-61.774,5748.79,1.0000,16.533
234.00,2844.65,240617.04,282.504,275.965,-60.428,5719.29,1.0000,16.732
236.00,2725.19,241153.04,267.474,260.883,-59.016,5689.78,1.0000,16.931
238.00,2608.63,241658.89,252.382,245.736,-57.538,5660.27,1.0000,17.130
240.00,2495.09,242134.47,237.227,230.525,-55.991,5630.76,1.0000,17.329
242.00,2384.71,242579.63,222.011,215.249,-54.374,5601.25,1.0000,17.528
244.00,2277.64,242994.24,206.734,199.908,-52.687,5571.74,1.0000,17.726
246.00,2174.01,243378.17,191.401,184.501,-50.928,5542.23,1.0000,17.925
248.00,2073.97,243731.27,176.014,169.028,-49.096,5512.72,1.0000,18.124
250.00,1977.67,244053.43,160.579,153.488,-47.189,5483.21,1.0000,18.323
250.45,1956.65,244121.20,157.117,150.000,-46.752,5476.60,1.0000,46.484
251.45,1911.94,244268.07,150.170,143.939,-42.809,5461.85,1.0000,38.877
252.45,1870.80,244408.56,142.857,137.264,-39.581,5447.09,1.0000,33.226
253.45,1832.58,244542.17,135.314,130.175,-36.938,5432.34,0.9976,28.942
254.45,1796.76,244668.66,127.959,123.143,-34.774,5418.09,0.9290,27.541
255.45,1762.91,244788.32,121.075,116.490,-33.002,5404.79,0.8679,26.412
256.45,1730.65,244901.52,114.625,110.197,-31.551,5392.36,0.8130,25.537
257.45,1699.72,245008.61,108.576,104.244,-30.364,5380.70,0.7634,24.900
258.45,1669.85,245109.92,102.899,98.612,-29.392,5369.74,0.7183,24.481
259.45,1640.87,245205.75,97.569,93.285,-28.596,5359.42,0.6770,24.263
260.45,1612.62,245296.40,92.564,88.245,-27.944,5349.68,0.6391,24.228
261.45,1584.95,245382.17,87.863,83.478,-27.410,5340.49,0.6042,24.361
262.45,1557.76,245463.29,83.447,78.968,-26.973,5331.79,0.5719,24.648
263.45,1530.97,245540.04,79.301,74.701,-26.616,5323.55,0.5421,25.076
264.45,1504.51,245612.64,75.409,70.666,-26.323,5315.74,0.5144,25.633
265.45,1478.31,245681.32,71.756,66.848,-26.083,5308.33,0.4887,26.309
266.45,1452.33,245746.29,68.330,63.236,-25.887,5301.28,0.4649,27.093
267.45,1426.53,245807.75,65.117,59.820,-25.726,5294.57,0.4428,27.977
268.45,1400.87,245865.89,62.107,56.588,-25.594,5288.17,0.4222,28.954
269.45,1375.33,245920.90,59.288,53.531,-25.487,5282.07,0.4031,30.015
270.45,1349.89,245972.93,56.651,50.639,-25.398,5276.24,0.3854,31.153
271.45,1324.53,246022.15,54.186,47.903,-25.326,5270.66,0.3690,32.361
272.45,1299.23,246068.71,51.883,45.315,-25.267,5265.32,0.3538,33.633
273.45,1273.99,246112.75,49.734,42.867,-25.219,5260.20,0.3397,34.962
274.45,1248.79,246154.42,47.732,40.551,-25.179,5255.27,0.3266,36.343
275.45,1223.63,246193.84,45.867,38.360,-25.147,5250.54,0.3145,37.767
276.45,1198.50,246231.13,44.134,36.287,-25.120,5245.97,0.3034,39.230
277.45,1173.39,246266.40,42.524,34.327,-25.098,5241.56,0.2931,40.724
278.45,1148.30,246299.77,41.030,32.472,-25.080,5237.30,0.2836,42.243
279.45,1123.23,246331.34,39.647,30.718,-25.066,5233.18,0.2749,43.781
280.45,1098.17,246361.20,38.368,29.058,-25.054,5229.17,0.2668,45.332
281.45,1073.12,246389.45,37.186,27.488,-25.044,5225.29,0.2595,46.889
282.45,1048.08,246416.17,36.097,26.003,-25.036,5221.50,0.2527,48.447
283.45,1023.04,246441.45,35.094,24.598,-25.030,5217.82,0.2465,49.999
284.45,998.02,246465.36,34.171,23.269,-25.024,5214.22,0.2408,51.541
285.45,973.00,246487.98,33.325,22.012,-25.020,5210.70,0.2357,53.067
286.45,947.98,246509.38,32.549,20.823,-25.016,5207.25,0.2309,54.572
287.45,922.96,246529.63,31.838,19.698,-25.013,5203.88,0.2266,56.052
288.45,897.95,246548.78,31.189,18.634,-25.011,5200.56,0.2227,57.504
289.45,872.94,246566.90,30.597,17.627,-25.009,5197.30,0.2191,58.924
290.45,847.93,246584.03,30.057,16.675,-25.007,5194.09,0.2159,60.308
291.45,822.93,246600.25,29.565,15.774,-25.006,5190.92,0.2129,61.655
292.45,797.97,246615.58,28.954,14.922,-24.812,5187.51,0.2492,67.455
293.45,773.34,246630.09,28.222,14.115,-24.439,5183.85,0.2472,68.561
294.45,749.09,246643.82,27.521,13.353,-24.065,5180.21,0.2453,69.624
295.45,725.22,246656.80,26.848,12.631,-23.691,5176.61,0.2435,70.643
296.45,701.71,246669.08,26.200,11.949,-23.317,5173.02,0.2420,71.619
297.45,678.58,246680.70,25.576,11.303,-22.943,5169.46,0.2406,72.552
298.45,655.83,246691.69,24.973,10.693,-22.568,5165.92,0.2393,73.444
299.45,633.45,246702.09,24.390,10.115,-22.193,5162.40,0.2382,74.295
300.45,611.44,246711.92,23.824,9.568,-21.818,5158.89,0.2371,75.107
301.45,589.81,246721.23,23.275,9.051,-21.443,5155.40,0.2362,75.880
302.45,568.55,246730.03,22.741,8.562,-21.068,5151.92,0.2353,76.617
303.45,547.67,246738.36,22.221,8.100,-20.692,5148.45,0.2345,77.318
304.45,527.17,246746.23,21.713,7.662,-20.316,5145.00,0.2338,77.984
305.45,507.04,246753.68,21.217,7.248,-19.940,5141.55,0.2331,78.618
306.45,487.29,246760.73,20.730,6.857,-19.563,5138.12,0.2325,79.220
307.45,467.91,246767.40,20.253,6.486,-19.187,5134.69,0.2320,79.792
308.45,448.92,246773.71,19.785,6.136,-18.810,5131.27,0.2315,80.334
309.45,430.29,246779.67,19.324,5.804,-18.432,5127.86,0.2310,80.849
310.45,412.05,246785.32,18.871,5.491,-18.054,5124.45,0.2306,81.337
311.45,394.19,246790.66,18.423,5.194,-17.676,5121.05,0.2302,81.801
312.45,376.70,246795.71,17.982,4.913,-17.297,5117.66,0.2299,82.240
313.45,359.59,246800.49,17.545,4.648,-16.918,5114.27,0.2296,82.656
314.45,342.86,246805.01,17.113,4.397,-16.539,5110.88,0.2293,83.050
315.45,326.51,246809.28,16.686,4.159,-16.159,5107.50,0.2290,83.424
316.45,310.54,246813.33,16.262,3.934,-15.779,5104.12,0.2287,83.778
317.45,294.96,246817.15,15.842,3.722,-15.398,5100.75,0.2285,84.113
318.45,279.75,246820.77,15.424,3.521,-15.017,5097.38,0.2283,84.431
319.45,264.92,246824.20,15.009,3.330,-14.635,5094.01,0.2281,84.732
320.45,250.48,246827.44,14.597,3.151,-14.253,5090.65,0.2279,85.016
321.45,236.42,246830.50,14.186,2.980,-13.869,5087.29,0.2278,85.286
322.45,222.74,246833.40,13.777,2.819,-13.486,5083.93,0.2276,85.541
323.45,209.45,246836.14,13.370,2.667,-13.101,5080.57,0.2275,85.783
324.45,196.54,246838.74,12.964,2.523,-12.716,5077.22,0.2273,86.011
325.45,184.01,246841.19,12.559,2.387,-12.330,5073.86,0.2272,86.228
326.45,171.88,246843.51,12.155,2.258,-11.944,5070.51,0.2271,86.433
327.45,160.13,246845.71,11.752,2.136,-11.556,5067.16,0.2270,86.627
328.45,148.76,246847.78,11.349,2.020,-11.167,5063.81,0.2270,86.810
329.45,137.79,246849.75,10.946,1.911,-10.778,5060.46,0.2269,86.984
330.45,127.21,246851.61,10.543,1.808,-10.387,5057.11,0.2268,87.148
331.45,117.02,246853.37,10.140,1.710,-9.995,5053.77,0.2268,87.304
332.45,107.22,246855.03,9.737,1.618,-9.602,5050.42,0.2268,87.451
333.45,97.82,246856.60,9.333,1.530,-9.207,5047.07,0.2268,87.590
334.45,88.81,246858.09,8.928,1.448,-8.810,5043.73,0.2268,87.722
335.45,80.20,246859.50,8.523,1.369,-8.412,5040.38,0.2269,87.847
336.45,71.98,246860.83,8.116,1.295,-8.012,5037.03,0.2269,87.966
337.45,64.17,246862.09,7.707,1.225,-7.609,5033.68,0.2270,88.078
338.45,56.77,246863.28,7.297,1.159,-7.204,5030.33,0.2272,88.184
339.45,49.77,246864.41,6.884,1.097,-6.796,5026.98,0.2274,88.285
340.45,43.18,246865.48,6.469,1.037,-6.385,5023.62,0.2276,88.380
341.45,37.00,246866.49,6.050,0.981,-5.970,5020.27,0.2279,88.471
342.45,31.24,246867.44,5.628,0.928,-5.551,5016.90,0.2283,88.557
343.45,25.90,246868.34,5.200,0.878,-5.126,5013.53,0.2288,88.639
344.45,20.99,246869.20,4.767,0.831,-4.694,5010.15,0.2294,88.717
345.45,16.51,246870.01,4.326,0.786,-4.254,5006.76,0.2303,88.792
346.45,12.48,246870.77,3.875,0.743,-3.803,5003.35,0.2316,88.864
347.45,8.91,246871.49,3.411,0.703,-3.337,4999.92,0.2334,88.934
348.45,5.82,246872.18,2.926,0.665,-2.850,4996.46,0.2362,89.005
349.45,3.22,246872.82,2.410,0.629,-2.326,4992.95,0.2414,89.080
350.45,1.19,246873.44,1.826,0.595,-1.726,4989.32,0.2548,89.176
351.26,0.00,246873.91,1.341,0.569,-1.214,4986.31,0.2118,0.000
