arc_m,elevation_m
-6000.0,1454.34
-5969.9,1456.72
-5939.8,1459.37
-5909.8,1462.09
-5879.7,1464.70
-5849.6,1467.14
-5819.5,1469.40
-5789.5,1471.19
-5759.4,1472.72
-5729.3,1474.14
-5699.2,1475.18
-5669.2,1476.46
-5639.1,1477.47
-5609.0,1478.58
-5578.9,1479.47
-5548.9,1479.92
-5518.8,1480.44
-5488.7,1481.09
-5458.6,1481.43
-5428.6,1481.58
-5398.5,1481.58
-5368.4,1481.82
-5338.3,1481.64
-5308.3,1481.45
-5278.2,1481.13
-5248.1,1480.69
-5218.0,1480.45
-5188.0,1480.33
-5157.9,1480.13
-5127.8,1479.83
-5097.7,1479.50
-5067.7,1479.40
-5037.6,1479.44
-5007.5,1479.48
-4977.4,1479.73
-4947.4,1479.96
-4917.3,1480.37
-4887.2,1481.47
-4857.1,1482.43
-4827.1,1483.87
-4797.0,1485.29
-4766.9,1486.87
-4736.8,1488.56
-4706.8,1490.18
-4676.7,1491.65
-4646.6,1493.52
-4616.5,1494.91
-4586.5,1496.30
-4556.4,1497.62
-4526.3,1499.24
-4496.2,1500.79
-4466.2,1502.60
-4436.1,1504.27
-4406.0,1505.53
-4375.9,1508.36
-4345.9,1507.88
-4315.8,1505.72
-4285.7,1513.47
-4255.6,1513.28
-4225.6,1514.59
-4195.5,1516.40
-4165.4,1517.78
-4135.3,1519.34
-4105.3,1520.92
-4075.2,1523.84
-4045.1,1515.64
-4015.0,1526.67
-3985.0,1527.11
-3954.9,1528.18
-3924.8,1529.64
-3894.7,1531.23
-3864.7,1532.69
-3834.6,1534.25
-3804.5,1535.72
-3774.4,1536.98
-3744.4,1538.34
-3714.3,1539.82
-3684.2,1541.31
-3654.1,1542.77
-3624.1,1544.33
-3594.0,1545.70
-3563.9,1548.69
-3533.8,1541.67
-3503.8,1545.11
-3473.7,1552.80
-3443.6,1553.90
-3413.5,1556.46
-3383.5,1558.87
-3353.4,1560.56
-3323.3,1561.92
-3293.2,1563.22
-3263.2,1563.49
-3233.1,1563.82
-3203.0,1564.03
-3172.9,1564.94
-3142.9,1566.47
-3112.8,1567.71
-3082.7,1569.06
-3052.6,1570.59
-3022.6,1571.58
-2992.5,1572.89
-2962.4,1574.15
-2932.3,1575.41
-2902.3,1576.93
-2872.2,1578.27
-2842.1,1579.55
-2812.0,1580.88
-2782.0,1582.06
-2751.9,1583.30
-2721.8,1584.44
-2691.7,1585.75
-2661.7,1587.10
-2631.6,1588.15
-2601.5,1589.08
-2571.4,1590.54
-2541.4,1591.59
-2511.3,1592.70
-2481.2,1593.80
-2451.1,1595.20
-2421.1,1596.38
-2391.0,1597.42
-2360.9,1598.58
-2330.8,1599.72
-2300.8,1600.77
-2270.7,1601.82
-2240.6,1602.96
-2210.5,1604.07
-2180.5,1605.11
-2150.4,1606.14
-2120.3,1607.24
-2090.2,1608.17
-2060.2,1609.25
-2030.1,1610.43
-2000.0,1611.30
-1969.9,1612.30
-1939.8,1613.33
-1909.8,1615.48
-1879.7,1608.36
-1849.6,1617.79
-1819.5,1617.16
-1789.5,1618.10
-1759.4,1618.86
-1729.3,1619.90
-1699.2,1620.81
-1669.2,1621.52
-1639.1,1622.71
-1609.0,1623.67
-1578.9,1624.43
-1548.9,1625.19
-1518.8,1625.86
-1488.7,1626.80
-1458.6,1627.75
-1428.6,1628.46
-1398.5,1629.33
-1368.4,1629.95
-1338.3,1630.67
-1308.3,1631.51
-1278.2,1632.28
-1248.1,1632.98
-1218.0,1633.57
-1188.0,1634.44
-1157.9,1635.16
-1127.8,1635.84
-1097.7,1636.36
-1067.7,1637.07
-1037.6,1637.73
-1007.5,1638.34
-977.4,1638.89
-947.4,1639.64
-917.3,1640.11
-887.2,1640.75
-857.1,1641.37
-827.1,1641.94
-797.0,1642.29
-766.9,1642.78
-736.8,1643.56
-706.8,1644.08
-676.7,1644.58
-646.6,1646.71
-616.5,1642.84
-586.5,1645.85
-556.4,1648.68
-526.3,1646.98
-496.2,1647.08
-466.2,1647.70
-436.1,1647.99
-406.0,1648.21
-375.9,1648.27
-345.9,1648.99
-315.8,1649.35
-285.7,1649.83
-255.6,1649.63
-225.6,1650.17
-195.5,1650.48
-165.4,1650.71
-135.3,1650.98
-105.3,1651.21
-75.2,1651.36
-45.1,1651.46
-15.0,1651.88
15.0,1651.92
45.1,1652.08
75.2,1652.13
105.3,1652.20
135.3,1652.33
165.4,1652.51
195.5,1652.68
225.6,1652.44
255.6,1652.37
285.7,1652.58
315.8,1652.49
345.9,1652.81
375.9,1652.62
406.0,1652.28
436.1,1654.14
466.2,1654.57
496.2,1646.16
526.3,1647.68
556.4,1651.53
586.5,1649.04
616.5,1646.29
646.6,1644.75
676.7,1643.00
706.8,1641.26
736.8,1639.22
766.9,1637.27
797.0,1635.21
827.1,1633.25
857.1,1631.64
887.2,1630.36
917.3,1628.71
947.4,1626.57
977.4,1623.84
1007.5,1620.98
1037.6,1617.09
1067.7,1613.27
1097.7,1609.80
1127.8,1606.67
1157.9,1603.33
1188.0,1600.83
1218.0,1597.96
1248.1,1594.29
1278.2,1590.37
1308.3,1586.29
1338.3,1582.01
1368.4,1577.39
1398.5,1572.33
1428.6,1566.66
1458.6,1560.75
1488.7,1554.83
1518.8,1548.23
1548.9,1541.28
1578.9,1534.21
1609.0,1527.50
1639.1,1520.87
1669.2,1514.73
1699.2,1509.02
1729.3,1504.22
1759.4,1498.81
1789.5,1491.94
1819.5,1485.83
1849.6,1479.36
1879.7,1472.54
1909.8,1466.18
1939.8,1459.58
1969.9,1453.05
2000.0,1446.34
2030.1,1439.65
2060.2,1432.60
2090.2,1425.88
2120.3,1419.01
2150.4,1411.85
2180.5,1404.90
2210.5,1397.47
2240.6,1390.17
2270.7,1383.06
2300.8,1375.60
2330.8,1368.13
2360.9,1360.44
2391.0,1353.00
2421.1,1345.31
2451.1,1337.78
2481.2,1330.11
2511.3,1322.06
2541.4,1314.14
2571.4,1306.35
2601.5,1298.45
2631.6,1290.59
2661.7,1282.51
2691.7,1274.44
2721.8,1266.12
2751.9,1257.60
2782.0,1249.48
2812.0,1241.35
2842.1,1233.01
2872.2,1224.52
2902.3,1217.59
2932.3,1202.42
2962.4,1200.65
2992.5,1190.73
3022.6,1182.32
3052.6,1173.94
3082.7,1165.35
3112.8,1156.40
3142.9,1147.71
3172.9,1139.24
3203.0,1130.74
3233.1,1122.52
3263.2,1114.62
3293.2,1105.30
3323.3,1095.98
3353.4,1087.04
3383.5,1078.32
3413.5,1069.59
3443.6,1060.52
3473.7,1051.87
3503.8,1043.13
3533.8,1034.22
3563.9,1025.50
3594.0,1016.78
3624.1,1007.90
3654.1,999.27
3684.2,990.34
3714.3,981.52
3744.4,972.65
3774.4,963.88
3804.5,955.19
3834.6,946.41
3864.7,937.71
3894.7,929.10
3924.8,920.22
3954.9,911.42
3985.0,902.54
4015.0,893.77
4045.1,885.54
4075.2,876.98
4105.3,868.15
4135.3,859.35
4165.4,850.88
4195.5,842.08
4225.6,833.69
4255.6,825.43
4285.7,816.62
4315.8,808.13
4345.9,800.04
4375.9,792.89
4406.0,784.49
4436.1,774.95
4466.2,766.39
4496.2,758.12
4526.3,750.06
4556.4,742.05
4586.5,733.91
4616.5,726.31
4646.6,720.01
4676.7,710.57
4706.8,693.72
4736.8,693.50
4766.9,688.65
4797.0,679.16
4827.1,671.91
4857.1,664.06
4887.2,655.14
4917.3,647.37
4947.4,640.05
4977.4,632.37
5007.5,625.03
5037.6,617.73
5067.7,610.45
5097.7,603.27
5127.8,596.06
5157.9,589.31
5188.0,582.97
5218.0,574.84
5248.1,567.78
5278.2,560.94
5308.3,554.20
5338.3,547.62
5368.4,541.22
5398.5,534.59
5428.6,528.56
5458.6,522.83
5488.7,517.26
5518.8,511.12
5548.9,505.82
5578.9,500.56
5609.0,483.44
5639.1,484.31
5669.2,480.47
5699.2,473.12
5729.3,467.47
5759.4,461.58
5789.5,456.11
5819.5,450.69
5849.6,445.35
5879.7,440.95
5909.8,436.82
5939.8,427.25
5969.9,426.95
6000.0,419.88
