t_s,alt_m,v_ms,v_horiz_ms,v_vert_ms,mass_kg,pitch_deg,x_m,y_m,z_m
0.00,1651.97,0.000,0.000,0.000,2800.00,90.000,-885881.8,1302278.5,-737282.9
2.00,1659.88,7.920,0.000,7.920,2789.77,90.000,-885893.7,1302280.1,-737284.2
4.00,1683.67,15.880,0.000,15.880,2779.54,90.000,-885913.8,1302293.7,-737292.3
6.00,1723.43,23.883,0.000,23.883,2769.31,90.000,-885942.0,1302319.2,-737307.1
8.00,1779.23,31.927,0.001,31.927,2759.08,90.000,-885978.4,1302356.7,-737328.8
10.00,1851.17,39.741,0.430,39.738,2748.85,24.814,-886023.0,1302406.3,-737357.3
12.00,1932.15,42.625,10.763,41.243,2738.62,24.545,-886062.6,1302467.8,-737392.0
14.00,2016.12,47.670,21.156,42.718,2728.39,24.276,-886085.9,1302541.1,-737432.6
16.00,2103.00,54.310,31.610,44.162,2718.16,24.007,-886092.8,1302626.3,-737478.9
18.00,2192.75,62.062,42.125,45.576,2707.93,23.737,-886083.1,1302723.2,-737531.0
20.00,2285.29,70.587,52.701,46.958,2697.70,23.468,-886056.6,1302832.0,-737588.9
22.00,2380.56,79.659,63.338,48.310,2687.47,23.199,-886013.3,1302952.6,-737652.5
24.00,2478.51,89.133,74.036,49.631,2677.24,22.930,-885953.0,1303085.1,-737722.0
26.00,2579.06,98.911,84.797,50.921,2667.01,22.661,-885875.6,1303229.4,-737797.2
28.00,2682.17,108.929,95.619,52.179,2656.78,22.391,-885780.9,1303385.5,-737878.2
30.00,2787.76,119.143,106.503,53.407,2646.55,22.122,-885668.8,1303553.6,-737965.0
32.00,2895.78,129.521,117.449,54.603,2636.32,21.853,-885539.1,1303733.5,-738057.6
34.00,3006.15,140.041,128.458,55.769,2626.09,21.584,-885391.7,1303925.2,-738155.9
36.00,3118.83,150.686,139.529,56.902,2615.86,21.314,-885226.4,1304128.9,-738260.0
38.00,3233.74,161.444,150.663,58.005,2605.63,21.045,-885043.1,1304344.4,-738369.9
40.00,3350.83,172.305,161.861,59.076,2595.40,20.776,-884841.7,1304571.9,-738485.5
42.00,3470.02,183.262,173.122,60.115,2585.17,20.507,-884622.0,1304811.2,-738606.9
44.00,3591.27,194.310,184.447,61.123,2574.94,20.238,-884383.8,1305062.4,-738734.1
46.00,3714.49,205.445,195.835,62.099,2564.71,19.968,-884127.0,1305325.5,-738867.0
48.00,3839.64,216.663,207.288,63.044,2554.48,19.699,-883851.5,1305600.5,-739005.6
50.00,3966.65,227.960,218.804,63.957,2544.25,19.430,-883557.0,1305887.4,-739150.0
52.00,4095.45,239.336,230.386,64.838,2534.02,19.161,-883243.5,1306186.3,-739300.2
54.00,4225.98,250.788,242.032,65.687,2523.79,18.891,-882910.8,1306497.0,-739456.0
56.00,4358.18,262.314,253.744,66.504,2513.56,18.622,-882558.7,1306819.6,-739617.6
58.00,4491.98,273.914,265.521,67.290,2503.33,18.353,-882187.1,1307154.1,-739784.9
60.00,4627.31,285.587,277.363,68.043,2493.10,18.084,-881795.8,1307500.5,-739957.9
62.00,4764.13,297.332,289.272,68.765,2482.87,17.815,-881384.7,1307858.8,-740136.7
64.00,4902.35,309.149,301.246,69.454,2472.64,17.545,-880953.5,1308229.0,-740321.1
66.00,5041.92,321.037,313.287,70.111,2462.41,17.276,-880502.2,1308611.1,-740511.2
68.00,5182.77,332.995,325.395,70.736,2452.18,17.007,-880030.6,1309005.0,-740707.0
70.00,5324.84,345.024,337.570,71.329,2441.95,16.738,-879538.4,1309410.8,-740908.4
72.00,5468.07,357.123,349.812,71.890,2431.72,16.468,-879025.7,1309828.5,-741115.5
74.00,5612.38,369.292,362.122,72.418,2421.49,16.199,-878492.0,1310258.1,-741328.3
76.00,5757.72,381.532,374.500,72.914,2411.26,15.930,-877937.4,1310699.5,-741546.7
78.00,5904.02,393.842,386.946,73.378,2401.03,15.661,-877361.7,1311152.8,-741770.7
80.00,6051.21,406.222,399.460,73.809,2390.80,15.392,-876764.6,1311617.9,-742000.4
82.00,6199.23,418.673,412.044,74.208,2380.57,15.122,-876146.0,1312094.8,-742235.7
84.00,6348.02,431.194,424.696,74.575,2370.34,14.853,-875505.7,1312583.5,-742476.5
86.00,6497.51,443.786,437.418,74.909,2360.11,14.584,-874843.6,1313084.1,-742723.0
88.00,6647.64,456.449,450.210,75.211,2349.88,14.315,-874159.5,1313596.4,-742975.0
90.00,6798.33,469.184,463.073,75.480,2339.65,14.045,-873453.2,1314120.5,-743232.5
92.00,6949.53,481.990,476.005,75.716,2329.42,13.776,-872724.5,1314656.4,-743495.6
94.00,7101.17,494.867,489.009,75.920,2319.19,13.507,-871973.3,1315204.0,-743764.3
96.00,7253.19,507.817,502.084,76.092,2308.96,13.238,-871199.4,1315763.4,-744038.4
98.00,7405.52,520.839,515.230,76.230,2298.73,12.969,-870402.5,1316334.4,-744318.1
100.00,7558.09,533.933,528.448,76.336,2288.50,12.699,-869582.6,1316917.2,-744603.2
102.00,7710.84,547.101,541.739,76.410,2278.27,12.430,-868739.4,1317511.7,-744893.8
104.00,7863.71,560.342,555.102,76.451,2268.04,12.161,-867872.7,1318117.8,-745189.8
106.00,8016.62,573.657,568.539,76.459,2257.81,11.892,-866982.4,1318735.5,-745491.3
108.00,8169.52,587.046,582.049,76.434,2247.58,11.622,-866068.3,1319364.9,-745798.1
110.00,8322.34,600.510,595.633,76.377,2237.35,11.353,-865130.2,1320005.9,-746110.4
112.00,8475.01,614.048,609.291,76.287,2227.12,11.084,-864167.8,1320658.4,-746428.0
114.00,8627.47,627.662,623.023,76.165,2216.89,10.815,-863181.1,1321322.5,-746751.0
116.00,8779.65,641.351,636.831,76.009,2206.66,10.546,-862169.8,1321998.2,-747079.3
118.00,8931.48,655.117,650.715,75.821,2196.43,10.276,-861133.7,1322685.3,-747412.9
120.00,9082.91,668.960,664.674,75.600,2186.20,10.007,-860072.6,1323383.9,-747751.8
122.00,9233.86,682.879,678.710,75.346,2175.97,9.738,-858986.3,1324093.9,-748096.0
124.00,9384.27,696.876,692.822,75.060,2165.74,9.469,-857874.7,1324815.4,-748445.4
126.00,9534.08,710.952,707.012,74.741,2155.51,9.199,-856737.5,1325548.2,-748800.0
128.00,9683.21,725.106,721.280,74.389,2145.28,8.930,-855574.6,1326292.4,-749159.8
130.00,9831.61,739.339,735.626,74.004,2135.05,8.661,-854385.6,1327047.9,-749524.8
132.00,9979.21,753.651,750.050,73.586,2124.82,8.392,-853170.5,1327814.6,-749894.9
134.00,10125.94,768.044,764.554,73.136,2114.59,8.123,-851929.0,1328592.7,-750270.2
136.00,10271.73,782.517,779.137,72.653,2104.36,7.853,-850661.0,1329381.9,-750650.5
138.00,10416.53,797.071,793.800,72.137,2094.13,7.584,-849366.1,1330182.3,-751035.9
140.00,10560.26,811.708,808.544,71.589,2083.90,7.315,-848044.2,1330993.8,-751426.3
142.00,10702.86,826.426,823.370,71.007,2073.67,7.046,-846695.1,1331816.5,-751821.7
144.00,10844.26,841.227,838.277,70.393,2063.44,6.776,-845318.6,1332650.2,-752222.1
146.00,10984.41,856.112,853.266,69.746,2053.21,6.507,-843914.4,1333494.9,-752627.4
148.00,11123.23,871.080,868.338,69.067,2042.98,6.238,-842482.4,1334350.5,-753037.6
150.00,11260.65,886.133,883.493,68.354,2032.75,5.969,-841022.2,1335217.1,-753452.7
152.00,11396.62,901.272,898.732,67.609,2022.52,5.700,-839533.8,1336094.5,-753872.6
154.00,11531.07,916.496,914.056,66.832,2012.29,5.430,-838016.9,1336982.8,-754297.4
156.00,11663.93,931.806,929.464,66.021,2002.06,5.161,-836471.2,1337881.9,-754726.9
158.00,11795.13,947.204,944.958,65.178,1991.83,4.892,-834896.5,1338791.6,-755161.1
160.00,11924.62,962.689,960.539,64.302,1981.60,4.623,-833292.7,1339712.1,-755600.1
162.00,12052.32,978.262,976.206,63.394,1971.37,4.353,-831659.4,1340643.1,-756043.7
164.00,12178.17,993.925,991.961,62.453,1961.14,4.084,-829996.5,1341584.8,-756491.9
166.00,12302.11,1009.677,1007.803,61.479,1950.91,3.815,-828303.6,1342536.9,-756944.7
168.00,12424.06,1025.519,1023.735,60.473,1940.68,3.546,-826580.7,1343499.4,-757402.1
170.00,12543.98,1041.453,1039.755,59.434,1930.45,3.277,-824827.4,1344472.4,-757863.9
172.00,12661.78,1057.478,1055.866,58.363,1920.22,3.007,-823043.5,1345455.6,-758330.2
174.00,12777.41,1073.595,1072.067,57.259,1909.99,2.738,-821228.8,1346449.2,-758800.9
176.00,12890.79,1089.806,1088.360,56.122,1899.76,2.469,-819383.0,1347452.9,-759276.0
178.00,13001.87,1106.111,1104.745,54.953,1889.53,2.200,-817505.9,1348466.7,-759755.4
180.00,13110.58,1122.510,1121.222,53.752,1879.30,1.930,-815597.3,1349490.6,-760239.1
182.00,13216.86,1139.005,1137.794,52.518,1869.07,1.661,-813656.8,1350524.5,-760727.0
184.00,13320.63,1155.596,1154.459,51.252,1858.84,1.392,-811684.3,1351568.3,-761219.1
186.00,13421.84,1172.284,1171.219,49.953,1848.61,1.123,-809679.5,1352621.9,-761715.4
188.00,13520.42,1189.069,1188.075,48.622,1838.38,0.854,-807642.1,1353685.3,-762215.7
190.00,13616.31,1205.954,1205.027,47.258,1828.15,0.584,-805571.9,1354758.3,-762720.0
192.00,13709.43,1222.937,1222.077,45.862,1817.92,0.315,-803468.7,1355841.0,-763228.4
194.00,13799.74,1240.021,1239.225,44.434,1807.69,0.046,-801332.1,1356933.2,-763740.6
196.00,13887.15,1257.206,1256.472,42.974,1797.46,-0.223,-799161.9,1358034.8,-764256.7
198.00,13971.61,1274.493,1273.818,41.481,1787.23,-0.493,-796957.9,1359145.8,-764776.7
200.00,14053.05,1291.883,1291.265,39.956,1777.00,-0.762,-794719.7,1360266.1,-765300.3
202.00,14131.41,1309.377,1308.814,38.399,1766.78,-1.031,-792447.2,1361395.5,-765827.7
204.00,14206.63,1326.975,1326.464,36.810,1756.55,-1.300,-790140.0,1362534.0,-766358.7
206.00,14278.63,1344.679,1344.218,35.188,1746.32,-1.570,-787797.9,1363681.4,-766893.3
208.00,14347.36,1362.489,1362.076,33.534,1736.09,-1.839,-785420.6,1364837.8,-767431.4
210.00,14412.74,1380.407,1380.039,31.849,1725.86,-2.108,-783007.9,1366003.0,-767973.0
212.00,14474.73,1398.433,1398.109,30.131,1715.63,-2.377,-780559.4,1367176.8,-768517.9
214.00,14533.25,1416.569,1416.285,28.381,1705.40,-2.646,-778074.8,1368359.2,-769066.2
216.00,14588.23,1434.815,1434.568,26.599,1695.17,-2.916,-775553.9,1369550.1,-769617.7
218.00,14639.62,1453.173,1452.961,24.785,1684.94,-3.185,-772996.5,1370749.4,-770172.3
220.00,14687.35,1471.643,1471.464,22.939,1674.71,-3.454,-770402.1,1371956.9,-770730.1
222.00,14731.35,1490.226,1490.078,21.061,1664.48,-3.723,-767770.5,1373172.6,-771290.9
224.00,14771.57,1508.925,1508.803,19.151,1654.25,-3.993,-765101.5,1374396.3,-771854.7
226.00,14807.93,1527.739,1527.642,17.209,1644.02,-4.262,-762394.7,1375627.9,-772421.4
228.00,14840.38,1546.670,1546.595,15.235,1633.79,-4.531,-759649.9,1376867.3,-772990.9
230.00,14868.85,1565.719,1565.663,13.229,1623.56,-4.800,-756866.7,1378114.3,-773563.1
232.00,14893.28,1584.887,1584.848,11.191,1613.33,-5.069,-754044.8,1379368.9,-774138.0
234.00,14913.60,1604.176,1604.150,9.122,1603.10,-5.339,-751183.9,1380630.9,-774715.4
236.00,14929.74,1623.586,1623.571,7.020,1592.87,-5.608,-748283.8,1381900.2,-775295.3
238.00,14941.65,1643.119,1643.111,4.887,1582.64,-5.877,-745344.1,1383176.6,-775877.6
240.00,14949.27,1662.776,1662.773,2.721,1572.41,-6.146,-742364.4,1384460.0,-776462.3
242.00,14952.52,1682.558,1682.558,0.524,1562.18,-6.416,-739344.5,1385750.2,-777049.2
