run,mass_kg,cd_mult,rho_mult,trim_alpha_deg,lat_deg,lon_deg,miss_km,t_flight_s,v_splash_ms,peak_gload,peak_qdot_wcm2,heat_load_jcm2,terminated
1,344.7108545376103,1.0346051823997506,1.040016734826194,-0.552463169049107,35.283390622556745,-118.01237567521284,446.49926742824005,3268.0862792972794,4.420057211321554,6.9715204578748695,43.25505764080795,7695.076041213367,splashdown
2,351.1368172123817,0.9380163710626946,0.9780309322593438,0.20137120378496956,32.470658001179956,-121.51097216579423,3.421149731827102,3168.904980468878,4.657608709735594,7.136055401745589,46.72553065841304,7920.565815906267,splashdown
3,358.32738827534956,0.9310161999726076,1.1090093701779324,-0.7735043214109063,29.290431102646316,-125.07600772434074,493.6826693659142,3155.350836181462,4.212654199168535,7.080243821087886,48.440701450098615,7816.404128099483,splashdown
4,362.9498716525859,1.0565215070358356,0.9057798558614659,0.38267584143789446,31.80127002892732,-122.26295148312144,105.80885758133148,3119.125286865332,4.713866493750497,7.129075417817403,44.823389009413305,7574.9131410786,splashdown
5,348.90814977854876,0.9686964347434014,1.1146316052427416,-0.09517380893112316,34.0556309398253,-119.60696756252987,246.74860779796526,3255.854412842089,4.313638224642265,6.993527988507018,45.79484543870565,7799.167603790729,splashdown
6,352.39836910363556,0.9787552652511083,1.079405489164505,0.29705458987357286,34.95160721074149,-118.40683546908545,395.1069880139325,3259.819573974975,4.457477722735346,7.007686513456732,45.11845920567179,7954.071673245792,splashdown
7,355.67703708037953,0.9962796859275648,0.8788091740329775,-0.3012819518679369,31.669223743060122,-122.42039598201369,126.69799247831666,3055.068621826299,5.21244050853903,7.188061911382728,45.7915585630956,7693.96636645351,splashdown
8,345.9511753871282,0.9617027762560519,1.10460086316377,-0.34029363824328634,32.2680759020002,-121.7141289715107,32.70101397670753,3239.1135803223656,4.202253131274333,7.007325601423951,46.12509537646924,7712.035565062176,splashdown
9,354.29380049612917,1.0335897932528706,1.0156755669029078,-0.04015854572771792,32.76442894788733,-121.16894498664487,42.727060758676075,3219.520935058749,4.306691338961613,7.030585330349631,44.74088750731873,7588.42534805405,splashdown
10,334.6932023442726,1.0685119802831013,1.0597736235261344,-0.002202082771481497,30.68446905708121,-123.5538721449248,280.33976548724434,3194.848236083968,4.252679861839782,6.929072277458906,43.297383615035024,7148.972420653536,splashdown
11,368.9969614120484,1.0019817895815581,1.1529678017265486,0.4636148999240719,33.310968395431985,-120.50898850038655,129.19213702426438,3253.1612609865233,4.183228766923445,6.976681321132439,46.03546012684439,7950.288187228083,splashdown
12,344.72820812362113,0.9744946292296207,0.9125991894029705,0.7548223430748519,35.695823061091616,-117.4114658872131,517.5916673780841,3254.327294922291,4.394746939349352,7.129012738622349,44.48897256480292,7925.107689448168,splashdown
13,348.13343556761964,0.9729846417143254,1.0463445680395613,-0.28888778020842215,27.857473650341035,-126.57341406778731,709.9407339442414,3114.071826171577,4.3725599833815325,7.081413224075434,47.10705915253271,7455.791409104389,splashdown
14,368.4808902387447,1.10492956079766,0.9642997586198786,0.666491022687178,30.64693210119989,-123.61434411784252,287.3493074584331,3057.203771972716,5.185497792365239,7.067480717412861,44.760183666304435,7344.5200213009475,splashdown
15,345.8289903238587,0.8824613773644643,0.8284190681357346,-0.3074657031608465,30.32937607468979,-123.9746348793534,336.72826261649703,3042.82407226557,4.856273920564956,7.322230590978534,48.31581173605775,7970.400241719489,splashdown
16,346.3717592682926,0.9799690909057595,0.8445103746212946,-0.2691941418611206,35.762502793142026,-117.29374940049428,530.4477190591643,3213.348907471145,4.619849572508032,7.191298802855308,44.44387168500053,7917.151187027566,splashdown
17,348.99757504091775,0.9745488413464929,0.952409725891207,0.6520222114949565,31.141375293052924,-123.06601942981447,211.45440092296195,3129.2941223144758,4.659353955121676,7.132437664649475,46.16331290343452,7648.81360364745,splashdown
18,327.5638912579389,0.9175122268000971,1.0685013276421875,-0.3371776856058664,34.8464565354914,-118.50275693514564,380.7543241879149,3303.8107055667274,4.069487830263823,7.010681745743988,45.03483694770425,7894.289700030869,splashdown
19,353.73327462277865,1.0715150824239585,0.9199112585049314,0.1628537097038404,32.594937875367016,-121.37804446521524,15.55993516517051,3166.765252685706,4.6001272128123265,7.0797544081091175,43.791702069400166,7464.489574131948,splashdown
20,350.4861620289983,0.9705798253462253,1.0393837430316584,0.6254102530638467,36.018901785109946,-116.98759327368599,570.0201654759201,3245.1923828129898,4.594825022208771,7.037765331942771,44.86160965700484,8044.760771201086,splashdown
21,353.5215543000169,0.9900619881568489,0.8655697927523729,0.07351680213892371,35.3173508518109,-117.9111582044977,455.81429281358254,3180.7280578617433,4.802442715498979,7.177500113454507,44.61118854557231,7976.0153150660735,splashdown
22,345.98513674781805,1.0418027615205612,0.9679561093256771,-0.22253097020905346,35.4840178152005,-117.75071515119136,479.0618263537074,3230.4496643070947,4.560518662988533,7.030574624821865,43.306194333409486,7646.4012241843875,splashdown
23,347.39805995599875,1.0621438857012966,1.1316259897326353,-0.3318031487747988,29.261129464102137,-125.12572336271862,499.3512720813522,3199.0121765135095,4.094521715571929,6.929904091294235,44.91571474752265,7169.237874671327,splashdown
24,344.41296448116947,1.0110563686881424,1.2119654002412323,0.9946908978550093,33.189215062227056,-120.6206450003373,112.34573589357926,3297.871844482613,4.025992346909772,6.873033563335408,44.555292380696756,7594.246793927849,splashdown
25,355.97495739487977,1.0446938443154548,0.8829350755339035,-0.6791335234433411,39.55297046918626,-111.71124072235162,1177.6151254945273,3290.0359008797545,4.704344297738599,7.117667948303695,42.65018470332037,8075.409316797792,splashdown
26,355.14156113290767,0.9960868931330243,1.0778483565231438,0.0689392744381872,31.302992275766425,-122.89916880859016,187.50965420730947,3216.659442138677,4.218432373794866,7.029169346125918,46.254394721694986,7604.053232405024,splashdown
27,325.8085953685966,1.0108914165390672,0.9102413494147146,0.4499897384374009,34.17905023473869,-119.40988530127996,269.349630875783,3198.7855285647715,4.616461287535197,7.0625755207708405,42.950623706368056,7453.394194952359,splashdown
28,355.95639209739954,0.9552225193942652,0.9064900080192914,0.1884569018502171,30.964840015187676,-123.29707592877166,240.872377370557,3104.872399902335,4.638617329928003,7.202834159356085,46.945087796396294,7823.056796946973,splashdown
29,371.9863213955568,1.1004471961061866,1.1534059044523572,-0.32532542314002477,29.52394637067753,-124.85570744227248,460.1381574102384,3131.8210510253202,4.504216836868395,6.94315842897644,45.691061479206276,7281.765256712392,splashdown
30,363.23164277364,0.9747143388178474,0.8657943570067885,0.40865004629166074,33.62941650455757,-120.06901820988722,183.172874970902,3104.6132690432532,5.044007853531702,7.222443848128097,46.16966584691586,7992.969246889347,splashdown
31,335.9053215654292,1.0017025556688957,1.1037879271782056,0.09726043218850028,33.631972448610405,-120.10792109948096,180.74749861580378,3257.516772461193,4.26782529613356,6.938916503908839,44.13387057968042,7543.885905390461,splashdown
32,353.6562153648083,1.0414453205736913,1.1330102843676895,0.22028218357423046,31.83934735314194,-122.25216517851936,102.02252816923637,3239.5752380371773,4.135189893453021,6.93662086243739,44.840464088290275,7493.350560907705,splashdown
33,351.0068609145361,1.1173490095400813,1.0855649322531686,0.14209971676509764,33.78890731191722,-119.88884772612006,207.4584807247715,3274.264550781527,4.2586139539603405,6.897822850896034,42.743566793038546,7300.470180792601,splashdown
34,352.22641433679115,0.9500644113000731,0.9692974312349351,-0.4880361907411848,37.22066102819463,-115.3071238601089,770.8850520772257,3223.7402893072767,4.90429677353254,7.115835518022161,45.30267449888125,8181.7580664956195,splashdown
35,354.76977496998325,0.9775654979641392,0.8775163267485504,0.5140725055137066,28.95641654925509,-125.43771337964624,544.8056117077019,3022.0626770017993,4.901625046616246,7.225701521560118,46.91884326921551,7595.171137121095,splashdown
36,341.04276334583585,1.0365549891503103,1.096023137365267,-0.016498476391465053,36.21525348810257,-116.72042329177735,602.4638089342828,3342.8350463871907,4.166416754285015,6.914112690218988,42.809693606165894,7704.909947946337,splashdown
37,345.35736212743205,1.0042963587587312,0.9322728874291937,-0.2997089100215746,33.29646533517645,-120.52887606554825,126.74244421261469,3146.791839599865,4.816935633027118,7.103170451400447,44.66888069009401,7622.384577948834,splashdown
38,334.6628297871167,1.0737913991948307,0.7966985711146857,0.2778571642138581,29.69795094163804,-124.64292051423183,431.9549941226872,3035.0560729979884,4.978142079538795,7.180198860486206,43.5161120672813,7038.067388982056,splashdown
39,339.22614627548296,0.9660361093682812,1.1944150475526543,-0.8909887786778662,33.598352588046716,-120.16967652424161,174.036488522682,3315.3186767580146,3.9350552249361797,6.908758876115466,45.070974460983415,7744.538407785057,splashdown
40,328.2169195418446,0.9281353626516335,1.0012277137103724,0.7325453621842455,31.239772657773354,-122.94564996245516,195.6309569911404,3192.870556640612,4.350174219423048,7.07525023551252,45.71095548125141,7642.122526572877,splashdown
41,346.9329951774167,1.0213283061749068,0.9127958474745883,-0.4660444046836028,30.452833586388873,-123.81128612654555,315.9871391159045,3111.459417724572,4.554974052301451,7.128080209972977,45.112025455694955,7417.003914770241,splashdown
42,328.6828291747735,1.0299338690487572,1.138982267731532,-0.17390090558905086,34.05861503750125,-119.5492800608795,250.82755566049204,3262.214813232752,4.322886747262157,6.869811591009528,43.065806096064414,7364.980000547524,splashdown
43,348.02289342395466,1.0003539152402727,0.8362880919925652,-0.642241282634989,31.111231414307603,-123.09559071021674,215.8211183099404,3089.0777160644843,4.779393401545724,7.221038296917719,45.60391435699959,7505.172286700889,splashdown
44,337.72750584731375,1.0410788796552004,1.1446693994657393,-0.05656189026927372,29.963926291158405,-124.38896602441521,393.62940340335916,3225.865295410049,3.982804363417195,6.904163472904459,44.454178684905955,7197.423168465315,splashdown
45,350.68123722334144,1.0236234497824939,0.8494633531014354,-0.3732883255132272,35.84275963676671,-117.20050798497911,542.6675490956109,3216.387133789511,4.50821546603001,7.158014141851306,43.56395667168154,7850.034955931632,splashdown
46,350.82176595555137,0.9873731489698021,1.1385053326040062,-0.2666088190997795,33.93971255613622,-119.71818834107876,230.42866543777384,3222.760620117501,4.541090481619887,6.960158853941565,45.32633517632088,7786.355394896777,splashdown
47,346.1247803729108,0.9732737259153296,1.0890932287526096,0.23753020110446457,31.71224538320809,-122.41814607579508,123.09029761273537,3190.914379882881,4.387353795912698,7.007607933738923,45.80411889205069,7679.72251633251,splashdown
48,356.7873724589441,0.9697314603847574,0.9934363436399984,-0.9849118752234606,33.319462886518465,-120.5110365150185,129.7138663548016,3223.674243164247,4.324587511088732,7.104874210756637,46.14669932119786,7897.996107184903,splashdown
49,353.6473774202058,1.0364952165235526,0.9893989305433996,0.15192260848916636,32.87962311826609,-121.02048941749486,61.60772215671522,3152.1512817384987,4.718923111824115,7.047005813772879,44.519226816502766,7593.085997948992,splashdown
50,351.40003553815615,1.0571668209141998,1.1147537662132254,-0.01096255857607096,31.549097480232422,-122.59311066186181,147.64485488448773,3268.3712158203252,3.964663794056589,6.9340536429423105,44.454700348600376,7395.196505050919,splashdown
51,327.39157457397806,1.0025233244100862,1.134274895905596,0.183246058638076,37.454094110566224,-114.926726777876,813.3003186546387,3363.8923156744404,4.200385883366491,6.877381681052085,42.36488082924122,7762.190091276287,splashdown
52,313.75659313398893,1.032985877939294,1.0363147713310676,0.10060502282486634,33.731254104013004,-120.00249526728693,195.43154356756426,3345.2142333986394,3.8937558171300086,6.911161893059034,42.12467963492357,7155.020546443523,splashdown
53,350.1878454636193,0.9350334333230524,0.8402088067034441,-0.27065531252318176,32.2844011192196,-121.76742270166544,34.715979969234326,3053.0246276857065,5.0156537311498495,7.255116795922348,46.513508085666615,7955.442639771098,splashdown
54,367.0158421434245,0.959710099510297,0.9254211224608461,0.530566410774231,31.65418276393122,-122.45490349875902,130.1531578427846,3084.8815063477505,4.927415252451826,7.205384152681676,47.480897319677744,7941.8546011594235,splashdown
55,357.64151200237393,0.9373100226318853,0.9968771408310556,0.9729092936009179,35.03211917739454,-118.29273612435279,408.8169384571936,3173.2460937504143,4.934307695539467,7.120216363588889,46.33309896221301,8199.426477321591,splashdown
56,334.74781452656146,0.9782340147319711,0.8880022815262386,-0.07425130897334337,30.592370130852338,-123.67804567257136,295.94674032994374,3075.423492431643,4.852997821077472,7.1559569600867725,45.23192698623881,7452.004649165796,splashdown
57,344.41663201558487,0.9061072234769492,0.9553389596974153,-0.16141937015341837,33.23040377624995,-120.57965561516184,118.25757484671253,3187.5516723634605,4.444847028002066,7.157806041106714,46.63458684999914,8081.204338552028,splashdown
58,343.511612527809,1.0360901995851117,0.9477575313863016,0.7296837857580215,33.0742802578081,-120.81321874566106,90.55029853192617,3176.1168212892726,4.561148094329447,7.055292325560007,43.75477621284078,7515.920932223924,splashdown
59,358.04971126148575,1.0002431402037921,1.1563980666438944,0.5773223887128375,30.80512136937913,-123.43137468764536,262.5500007466491,3204.3419616699043,4.239347074973325,6.975142230825113,46.483662648912954,7597.327104335882,splashdown
60,355.9011423643556,1.0183581149153527,1.1392694865735822,-0.6699812855776264,34.16288840176894,-119.42839727622199,266.87770452878135,3247.974249267899,4.338804860342503,6.944587173171374,44.88300579821457,7739.262166041599,splashdown
61,342.7743726778085,1.0332660373945093,0.9065896502563875,-0.30696137568039134,31.16763012082188,-123.03741738339895,207.4637066498455,3119.7715942383115,4.615011179561058,7.101916468366873,44.163465816390435,7420.693240704818,splashdown
62,347.1138570852022,1.0229058298599716,0.9290157976018153,0.24204216659848626,33.806425262293665,-119.9047330115888,207.73841477720077,3178.1950805666925,4.640182459073168,7.090638471033663,44.19177625803982,7616.764557789713,splashdown
63,361.4727989488131,0.971853268836525,0.9034595550964298,-0.7887391791591488,30.426815805928,-123.82006294693706,318.6722401101431,3060.3801269531027,4.962731778270899,7.206849444743106,47.023961700297576,7788.7725604824855,splashdown
64,348.17099644442953,1.1474800003919268,1.216350322254043,-0.25441246183246174,30.811847736418372,-123.41049989302206,260.6346783377623,3259.031420898447,4.111181439447261,6.804499335204768,42.97541211244122,6975.885238080092,splashdown
65,339.9292210068247,1.0531418481843273,0.9843032266380813,-0.11147005782551529,31.09324685778729,-123.1231135332123,219.0795993378589,3153.298907470741,4.4093698125976895,7.020925739446166,43.971508997241585,7241.893710480596,splashdown
66,356.46784449868665,0.9501237850132016,1.1160797141105456,0.7231974138478311,34.096323594704316,-119.52536615769128,255.30697936482443,3235.6617431643563,4.4659668634798555,7.019861950625747,46.42743346809327,8029.310016656141,splashdown
67,347.17462630211315,1.0119693346723349,0.882292754575005,-0.4351905389171286,31.71038439407724,-122.41530233145951,123.0504505014946,3101.6115722657205,4.84757370226187,7.151749095188585,44.85737902683005,7552.543912008244,splashdown
68,347.53197437995976,1.0655261934783364,1.2104094863240797,-0.6065942797615045,32.19488083738797,-121.82751443706246,45.80034136438598,3267.905285644648,4.136588059707454,6.841492811969648,43.85575312901593,7375.921775796457,splashdown
69,337.8848257968978,1.0109103408540971,0.8747853422861575,-0.34764631269500623,34.74886459378417,-118.70299071720613,359.96671790174867,3160.2003112796842,4.938154294559225,7.119446047608251,43.39528890958752,7665.002779528457,splashdown
70,325.9818740058029,0.9909485752965069,1.0926440462955254,0.1814110544486074,31.35043040177112,-122.82826527940138,179.03172602116913,3239.032684326187,4.136236177825275,6.946408885715395,44.36913600765821,7324.653821051748,splashdown
71,339.9765597758882,0.9341321562800922,1.1111662490510636,0.6012783604272105,30.61423173954801,-123.62905664198496,290.95612522025857,3222.295166015543,4.131351660637462,7.017856072962286,46.65602572924872,7699.212874158886,splashdown
72,336.6163971289553,1.032392008575748,1.1084448283349178,-0.4954264225356665,32.28988572687136,-121.73928923486493,32.413328046602544,3257.124084472771,4.163961961281805,6.918589134939443,43.88808163034414,7358.104578523516,splashdown
73,348.42423935580496,0.9441588921053713,1.1593894960100812,-0.13445306173529054,31.633405524962964,-122.4696363461191,132.79055487523564,3206.730157470757,4.321475854251209,6.985455623662641,46.65843501538445,7825.779587653195,splashdown
74,348.3309401017873,1.0868646261850679,0.9655467846419514,0.28951019003007894,31.987064994581097,-122.10016994720546,80.24344682269293,3162.411871338013,4.536694542395029,7.020143323169035,43.430261490096726,7300.208897757943,splashdown
75,374.0920440031037,0.9796443955143047,0.9082681759099396,-0.21265565361565006,31.623964233577976,-122.49797454698798,135.39842426825757,3050.708624267683,5.121088501437752,7.211180989082345,47.1535479948272,7998.397918560508,splashdown
76,354.4334324752982,1.0744633076300254,0.9811678240391413,0.28872352037339516,31.760758986827945,-122.333806312584,113.67149001344187,3131.900604248173,4.788495419143089,7.03514307871138,44.214082577694505,7372.147424192809,splashdown
77,346.33250363084323,0.9781402880978091,1.07676920135917,0.30024880297595297,31.795514057089072,-122.29753527379113,108.50820478943125,3202.897705078198,4.2852005740244685,7.017754730717253,45.86084761669117,7628.372096141313,splashdown
78,353.6278723676629,0.9717533265206311,0.8986263373256678,0.7800008426632177,33.17615593153697,-120.66374092584807,108.42863814080674,3146.629479980684,4.641854076604205,7.177916689600382,45.88260000376885,7847.707181386169,splashdown
79,350.2690288737409,0.9787820268130785,0.9543131834068345,-0.2551046532231088,33.53307359986723,-120.241466008442,164.208152039007,3157.5805297854176,4.654500827006136,7.110478885695223,45.308765810892105,7836.431436136167,splashdown
80,370.96513372004716,0.9557059407081316,0.9508415411557732,0.2931407466865287,33.59787083156072,-120.1782457374051,173.4309596584312,3165.3467529299173,4.478206798635742,7.175753534664709,46.98133399967823,8200.006178866186,splashdown
81,342.27984218019014,1.0203865657842912,0.880928778950479,0.0693985163884544,34.43207372645972,-119.06916352836127,311.4243610896346,3188.5052429202497,4.678962217960202,7.11781310356707,43.551896414627976,7659.141373853566,splashdown
82,345.13684737948216,0.8786757680997146,1.128248068287026,-0.1582477434135936,31.015570017683228,-123.18725282049711,229.54261495989894,3198.650640869108,4.178510342893585,7.06857906239281,48.38345796267098,8009.490685996626,splashdown
83,331.9311936148132,1.0725970677171845,1.030815599537966,-0.12289856567582322,32.17243011850774,-121.88379229060143,51.2530614150738,3203.8649291993647,4.354697158945383,6.940063338741362,42.894413743243454,7136.291753137593,splashdown
84,349.3894340131741,1.0406910053481613,0.9054164127672695,0.2504823623199777,34.91243079934975,-118.49495202784202,386.258977802082,3187.590008545316,4.802742325749924,7.095547255513013,43.53533221647542,7676.570387035064,splashdown
85,358.0506558958016,0.9917633417321838,1.006872673069649,0.4304440377594995,35.236945625836675,-118.0276442390667,441.97762278217584,3203.6845397953534,4.932838255748066,7.066009910278623,45.07402319562445,7984.268626229587,splashdown
86,362.0304492863891,0.9680542664347505,1.0112239065483515,0.2557017677469912,34.93181529745604,-118.44569859580598,391.01282991378815,3252.448657226903,4.356565932061199,7.094866556922122,46.00275380110513,8086.33919001169,splashdown
87,349.4601971726269,1.0054201170960988,1.09143341568476,0.8248682974191086,30.654122243325972,-123.59479798342387,285.4813743092254,3151.8478271484396,4.401819337009147,6.998085391579079,45.74997752312724,7495.057430416532,splashdown
88,335.82815350083456,0.8549217448351559,1.0865595962164996,0.2028231154662444,30.633991382626284,-123.6285849178422,289.3308988272424,3178.559020996026,4.338613205112075,7.104925128539753,48.54911624852057,7971.371513521927,splashdown
89,352.00353874220497,1.0551556263555582,0.9610061018326265,0.27660339885764595,33.69459098779934,-120.04872597862104,189.52366105811515,3182.885827636998,4.652796651281033,7.045492400519681,43.717898461368065,7580.607550889191,splashdown
90,346.24802990851254,1.0250534887107243,1.0021152052218443,-0.028687892986435627,32.584319444316826,-121.39394014234136,13.665490380046455,3199.5555664063972,4.338515555416164,7.029830569276083,44.39425905041745,7534.100975667584,splashdown
91,337.49227659288704,0.9791158549779981,0.9461984964797495,-0.15451345625514884,34.710788055474914,-118.72340405221851,355.71246555254055,3216.5002258304244,4.517917247865159,7.079188497139197,44.04919304413112,7795.49252680843,splashdown
92,360.64659699858043,1.0602782024945423,0.9038628327477515,0.34599235471892115,33.80270570023337,-119.87712969218875,209.29878484133093,3173.837054443635,4.564164527096398,7.1116501693884375,44.0740010628825,7661.870300815151,splashdown
93,345.61901583246544,1.0371881384223511,0.9160708266942411,0.28864889273698185,30.238190319140205,-124.06136392840726,349.81603545188307,3086.889624023414,4.779631445692662,7.117294480600533,44.94765290963426,7294.57265670071,splashdown
94,340.5676627122229,1.0709434045892556,0.9743019989350008,-0.18166912726816173,28.55588118955148,-125.84841846028108,604.6894992258606,3026.088659667854,5.090705103252595,7.045241550833404,44.53186040838414,7011.879107783866,splashdown
95,354.935072523462,0.9973240164680958,1.042809506228609,0.5469075155394199,30.021443365802345,-124.28053744589633,381.8135130851737,3160.392041015525,4.440000844107104,7.061716959513624,46.414697162868826,7549.7458935433415,splashdown
96,348.70038285024333,1.0069280761536121,0.9419712159059338,-0.36728360575790986,35.216368466561676,-118.07339723904599,437.3700848743995,3201.6363037113506,4.5883307674313185,7.084087969791339,43.96832432165455,7860.702228893547,splashdown
97,336.8509065812713,1.0026051882187605,0.9008165709273751,0.23098801815624828,32.42394838845231,-121.5874371139267,11.781735601760968,3170.934606933719,4.489555386861483,7.115168053530753,44.285534779412444,7501.514843837311,splashdown
98,348.347316640172,0.9596024599971705,0.9534456831102803,0.5840794060011656,32.57507400961701,-121.37086831009798,14.704376495884219,3195.1129760743434,4.410686975720506,7.135278383368532,46.14103695386965,7771.6946992991525,splashdown
99,352.50383707274233,1.0433132060223194,0.9454364057320531,0.48594886562986905,31.683819998725664,-122.45219412729197,127.60234754003002,3113.89779663097,4.852071022028521,7.084812536088542,44.66359106732669,7472.383334509435,splashdown
100,341.4986426857719,0.8942883470901825,1.230536924295848,0.7202673448105492,30.890658293982714,-123.32846342497454,248.88721664093165,3266.086413574153,3.9635284713007626,6.976943186361892,47.9784526956571,7852.353338482258,splashdown
101,330.8974826726793,1.0000766928543965,0.98827813764779,-0.5633649433365029,31.52803054459285,-122.618857154394,151.02488846024522,3166.0830139160907,4.461684156069324,7.040204885289812,44.559168309005045,7323.816567033336,splashdown
102,349.041459329967,1.0143653583443262,0.8527293403614986,0.46624150641788176,31.584550114844184,-122.57101573781141,143.35983739621022,3118.410607910214,4.591884619462863,7.184870021447462,45.006963648004955,7542.28082860768,splashdown
103,343.45587922137884,1.0928243416730565,1.0079593076620885,-0.23229393651167637,30.458161947652705,-123.7986453833521,314.72514777243424,3129.075262451177,4.667874596636944,6.97948835627501,43.49228735721249,7130.511463173642,splashdown
104,355.85696632545563,0.9940203619879222,0.905860506982939,0.7175142109530053,36.389901262240464,-116.43861848575979,634.2369505912638,3246.969946289543,4.478112786216994,7.1377810444283485,44.20896316603443,8116.568554918489,splashdown
105,332.4774275145146,0.9934070579734825,0.8889502873695198,0.10339592264704354,33.23144321185281,-120.60412234691704,116.68736409980968,3165.92474975608,4.722552033590706,7.116392591583076,43.946968405637904,7546.828928661643,splashdown
106,339.36004015652037,0.8869884026640096,1.0261886467610084,-0.7148583036056532,37.40952461545162,-115.03129111476376,803.0725689529754,3351.40164184624,4.088080626392007,7.091900166748199,45.73855650260991,8393.633731190243,splashdown
107,336.2314747123181,0.8977749989541504,0.9448403158336157,0.09836540014698616,36.14972037609494,-116.77153686513553,594.1866611723419,3252.8985839848433,4.541050996764655,7.146113630445534,45.68924145355469,8175.241310118959,splashdown
108,356.9100897788373,0.9717521072170636,0.9699831184484979,-1.076920031128083,32.396478547600175,-121.60624260596464,15.22796996178972,3103.2041015626796,4.956351141535229,7.125684446436192,46.23764822156325,7857.057722147515,splashdown
109,359.61573935199715,1.0095796381963544,0.9112648378458625,-0.6741061558828207,31.745164003888487,-122.35926108702112,116.58700119392084,3127.505566406328,4.713569774565722,7.158574425465605,45.78677932770201,7678.274331434394,splashdown
110,359.89172901909717,0.9796216530959454,1.1078509872606788,-0.8290200744074215,33.96981267125396,-119.67118538993078,235.87792212833014,3299.4705688478793,4.071780596902221,7.009258691667789,45.9539024469746,7942.147481987281,splashdown
111,354.99004987670935,0.9539900385756471,1.139821443434772,-0.6280271099529516,32.276420399376484,-121.72452111740542,32.59622371223087,3223.9420166016725,4.1442695611127425,7.008881868859429,46.879273250093306,7849.479121194174,splashdown
112,348.2966083285073,0.9414642114047709,1.0937306066489698,-0.3403847158853145,34.956087178961916,-118.4164450797694,394.8032712433318,3253.0893066409967,4.4552600264820015,7.0209903429753,45.816348983082406,8040.5764208233695,splashdown
113,358.09153723980256,0.936972177737974,0.971299922831629,-0.5155629544655526,35.067890259835,-118.26606308132722,413.2988155664835,3209.356390381247,4.652919697740472,7.146199240667165,46.563157825950064,8156.181743212614,splashdown
114,359.28794274786264,0.9685444775629859,0.9605908643898333,0.5334489892798135,27.825224324477144,-126.62915791553628,716.2781406784594,3080.507873534847,4.3790094666195944,7.182465823773156,47.87216023716396,7599.0731860261485,splashdown
115,325.8490799715775,1.0368453270713298,1.0392091190901536,-0.33461572369574094,32.81282017110617,-121.1117606243567,50.30859735372723,3253.6314270021194,4.095087071723882,6.938024712486685,42.893985394157006,7265.1246458635105,splashdown
116,342.8119391933022,0.9796088771922531,1.0649958613192385,-0.4371058548641477,31.339559634913773,-122.83466261152839,180.32309417006883,3153.1015075684263,4.617377350534434,7.022447927237164,45.77228949723856,7543.993729131684,splashdown
117,353.18060521016235,1.0486574202769905,1.2125766324108285,-0.9571485180486455,35.23826367215741,-118.0448685642105,440.9255522889646,3295.75327758833,4.387157341522725,6.856358297057656,43.9015442040578,7651.570798876739,splashdown
118,323.37397185788296,0.9385759183457543,0.9668441508778913,0.007763243417923909,36.6287749645349,-116.13492681183853,672.1660783056427,3264.45641479547,4.584854129348434,7.059810483234719,43.85047830692408,7848.515571815872,splashdown
119,333.20211974829925,0.9538880843809744,0.9355208060315029,-0.052287633290692574,32.771407366612635,-121.12623161184833,46.21398025164705,3164.7553161622814,4.560383723240046,7.111995161502355,44.99800304125765,7685.134793838208,splashdown
120,358.4414197314591,0.9637527113169487,1.1221233234942405,0.24621957844219344,32.88409514001712,-121.01353763010862,62.4215129009453,3214.67631835956,4.3875605562706195,7.019480523176092,46.75552975533623,7870.6242690634135,splashdown
121,344.3971443723788,0.942518019258657,1.2515537156287626,0.2821414033605895,31.175698480534493,-123.00762887390135,204.85361141855822,3280.4602783202818,4.001294182654825,6.919627208930347,46.777385511712545,7720.646488181096,splashdown
122,353.31822375880563,1.0402352288881662,1.034073299402835,0.23313983895092646,34.75549665308706,-118.66275460061671,363.1565051926061,3243.5320556644265,4.517691802070384,6.99521818739082,43.862204026294236,7717.23003088772,splashdown
123,350.87364716045994,0.9535378972748315,1.0621237558833132,-0.25415729139991844,31.4912519296215,-122.66322701112635,156.88871019237897,3202.5441650390876,4.278720556603415,7.066482702920902,46.88547224856199,7741.493620774874,splashdown
124,347.18914501946034,0.9558285133851228,1.278751527150498,0.040374836626010734,33.9441732561374,-119.71729105178984,230.83040483993068,3346.5227722170284,3.98983189872396,6.880864200870953,45.896542058191585,7867.4119570660905,splashdown
125,356.10962108916317,0.9298562846887887,0.9419348147706375,0.5002246039585764,30.755476161742095,-123.47248424725477,269.2574478392795,3078.2377075195327,4.897855440350348,7.1982158172998085,47.7469225238089,7898.474281678432,splashdown
126,361.1389713599126,1.0332756937918133,1.1193075482843633,-0.39484714001240634,32.56303193531366,-121.39492943168572,12.089234939926286,3205.4442871095466,4.316587190298051,6.967872960870289,45.320850281096966,7637.589818929084,splashdown
127,334.9815952524133,0.9894534398056547,0.9142442904967778,-0.39756869382527593,34.38162184763174,-119.15656485273053,301.7363330790323,3179.5693603519,4.718410065098675,7.094281392643025,43.73441305345786,7702.194244235952,splashdown
128,355.1374649648445,1.0216165793200689,1.0398110747780853,0.009670826396686408,32.7436901792621,-121.21019124241013,38.35260891619817,3173.6947692873036,4.56491274321334,7.0232611934649425,45.06033344350961,7640.405258243069,splashdown
129,361.578226586371,1.0560721319897814,0.868636692251586,-0.17016284819363486,35.10244145940086,-118.238255338727,417.76666418720555,3166.6841003422237,4.939597438740621,7.148355846090117,44.07646450344833,7716.555768462563,splashdown
130,366.08046715894795,1.0349093218443264,1.0809209555673016,0.9021441225875045,30.6912144488314,-123.58256104167369,281.69075606322224,3123.528436279319,4.6249013950327456,7.022120954991211,46.16464268871179,7556.040054531317,splashdown
131,345.06744884371716,1.0063243187293418,1.0503925401551857,-0.583079882647873,36.003830903048204,-116.96949663093935,570.1115937050245,3255.003741455584,4.6016856504374966,6.988003754261305,43.85348813673898,7811.75027290259,splashdown
132,358.8309273326448,0.9885286862071233,0.8961307441061716,0.21281968770127105,31.788536780415463,-122.30394286279227,109.48776235182946,3084.037548828231,4.809122646167713,7.182411082700369,46.016816179595025,7791.671156331495,splashdown
133,352.72717170488704,0.9832015770784592,1.149123093106888,-1.0298187039575661,28.869743183995354,-125.55145740136896,559.3980023451978,3148.7828063963093,4.348336828062564,7.010124678044856,47.389180847744726,7433.723347495991,splashdown
134,353.01276688282206,1.0583680445638337,1.0341551515924967,-0.17642181421730774,34.40646081577349,-119.12297236899641,305.8738725923879,3233.7962951663594,4.509720109921735,6.984427451190774,43.72492293753223,7586.9446961972135,splashdown
135,350.7921870746078,1.1056761749734478,0.882152385396406,-0.24983881761390248,31.63567409338259,-122.46852794889861,132.53490651203097,3089.2981262208364,4.996403625818284,7.096461088752179,43.47688100678403,7197.861239895594,splashdown
136,355.54381197098166,0.9571207599325265,1.2660206035472827,-0.05813439263203762,29.71920102515367,-124.64807295294025,430.57218451097623,3249.264550781077,3.870626175389091,6.9295347549589055,47.420655210656385,7729.252161366707,splashdown
137,343.96170187719264,0.990678097913392,0.8641573670189487,0.1327284992052581,37.98916484950274,-114.1276287530813,905.3849824283433,3261.119683838566,4.582064384647821,7.1522326760638615,43.489812702861364,8007.964297611955,splashdown
138,355.6388592666484,0.9993158214137448,0.9369671257782558,-0.7601421526467793,29.422290980237747,-124.96480788891051,475.6079616535976,3044.7931030272516,4.90718811486092,7.157429126756519,46.56081873961282,7510.813689454317,splashdown
139,347.56379988131283,1.0550628585695,1.0232897159738286,-0.07449836834791329,34.97812587913276,-118.41058155212495,396.86530113008934,3228.066198730887,4.61317061703635,6.9819034871485,43.38113993771416,7558.988501710164,splashdown
140,339.5312897378901,0.9758236028714165,1.0202141657218786,0.5267363593615241,30.49286505490022,-123.76098131124908,309.4413569134974,3127.953289794906,4.6127109073628745,7.058177752077342,45.78977895153042,7486.854379050896,splashdown
141,353.85939268457645,0.9193676058438734,0.9055735550689478,-0.11951386725472829,33.87011733792752,-119.81424089358335,218.67256828193092,3145.3514160158925,4.874527630906639,7.206605038855886,46.66012847861976,8188.90350728007,splashdown
142,342.80595179486875,1.0014759929966255,0.9739354756025622,0.2600563587417537,31.26220739273338,-122.9268949307483,192.59753041127766,3147.0352294922377,4.569403654900951,7.08507233461394,45.42447983271292,7422.475337755154,splashdown
143,344.8062499109738,0.9211936168701497,0.9552554571667206,-0.06635498951873885,35.42397686105232,-117.79579468545779,471.535287211284,3200.9208068851913,4.6297256073194575,7.137908401450152,45.77926346137012,8146.351229384968,splashdown
144,350.08649482486476,0.9933710303610993,1.0166315714380643,0.02366332551109467,28.489196347145974,-125.95050164657265,616.8952543088477,3078.8654785154386,4.619625754900189,7.102932197108494,46.99991645584726,7352.742308101685,splashdown
145,348.5506205851412,1.0332292189009182,1.161890594944658,-0.5678075531326813,33.29007780014993,-120.53224457060072,126.02385453950403,3310.445458984562,3.9225220385066817,6.902836316931348,44.441308835955645,7532.478184907688,splashdown
146,342.92676342992206,0.9857631071424716,0.9862586558661391,0.15031369153539256,30.780311802902133,-123.42884546815098,264.3883967391083,3125.355773925785,4.589222101198517,7.078034852633035,45.50610166252065,7544.287080708177,splashdown
147,353.4909155531609,0.970382862873616,0.9388269073898766,-0.3932601839911763,33.17464131060164,-120.6288801370171,110.68467328253463,3207.3350036622764,4.385261351966142,7.139028193724191,45.74651198700204,7892.753748424484,splashdown
148,339.7336218625197,0.9728953043765515,0.9345440390801016,0.07029512174445625,27.99480468854149,-126.45371625055958,690.7291886346974,3018.236376952905,4.97044657972601,7.158286852962966,46.54172384560338,7357.8684553483445,splashdown
149,354.69532203382636,0.9094868652793306,1.0151242668404274,0.27297445104991397,30.929306441232804,-123.30728001988393,244.38490618905436,3154.471838378876,4.364367792350492,7.151890850711466,48.21793742772359,7970.025306967716,splashdown
150,345.9756048955301,0.9353510783681984,0.9118000467668975,-0.8515802658208195,36.29180313574082,-116.59979639627443,616.200259152597,3207.4805786137986,4.832930742305123,7.163946389219141,45.32824096093908,8141.493560259205,splashdown
151,341.02383226774333,1.0165067934882135,1.0978201685209574,-0.40372447382034865,28.72717383742464,-125.70536018493586,581.2190967290436,3133.928692626772,4.407201631765849,6.979175524591374,45.520747656264696,7250.6303314113575,splashdown
152,346.8363855611435,1.0232539112616137,1.0083033165340354,0.19628558494671947,34.65059042974989,-118.82281696963581,344.50078584210996,3239.4266113284784,4.499365878581121,7.016950164629522,43.94941838544431,7674.666909800149,splashdown
153,349.63211550020515,0.9810332466782197,0.930577247182016,-0.4357537291847258,32.63481861716568,-121.31087250721993,23.213109659368413,3107.298333740439,4.956973485047591,7.1351634746912325,45.55951571762999,7737.3944921700095,splashdown
154,352.7905266166474,0.9740161515912841,0.9569675447252669,-1.617406597708763,27.00983583330435,-127.45497375242586,838.1982949769774,3019.4641052242832,4.761543040472873,7.1844323315145475,47.81811906740588,7415.502074115312,splashdown
155,366.5574446886967,0.9563951921478252,1.0487344469135185,0.44900669425982503,35.094535817696006,-118.21681070936194,418.60165314069894,3247.2750305179475,4.448901381112257,7.0828820564976915,46.49552012211085,8209.641347849383,splashdown
156,337.7656495676649,0.9794878289336533,0.9876982628042431,-0.24282452472222302,31.472836161349903,-122.68833439815673,160.01612843598758,3174.87949829106,4.4096141029494,7.071914302028926,45.35532983257108,7500.565349214365,splashdown
157,343.9510343663475,1.083149705625356,0.921981855795852,0.41180331149031013,34.55723293913767,-118.95774511927472,328.3943275926627,3197.7114624027126,4.630535497561828,7.03790824524621,42.552409369851986,7422.024941448516,splashdown
158,345.2207296644393,0.9039617910504107,1.0477590218688035,0.5045387508800313,33.364684687181985,-120.4414902000161,137.8519138260961,3193.9642089846,4.5911226368693505,7.093317967367529,47.0831940328761,8032.101974589179,splashdown
159,334.638018561256,0.9926679127821554,0.8566572018334012,0.6199255502831454,31.91334298204111,-122.19662379229936,92.47208359092473,3147.011700439525,4.549958503399384,7.160366469990404,44.409655549495454,7498.641864575317,splashdown
160,337.4000871282764,1.1270978087059569,0.9827404834400213,0.6248336584317226,34.87741565600177,-118.54232915894349,380.44379307515635,3233.8152893070637,4.549640135436952,6.939960780009167,41.560491304826265,7160.34642847424,splashdown
161,362.75741453186873,0.9125316990759109,0.863347048471238,-0.2621960367707136,34.146458861275406,-119.41647407734753,266.43225161299574,3110.8739257815637,4.961880307101495,7.271266064724503,47.397727092231904,8315.303193607235,splashdown
162,356.8811025428563,0.884080242613604,0.9234031602550811,0.6607407508880728,36.2505347950745,-116.65530596359444,609.4319737828898,3191.022900391129,4.8620709026561295,7.222482494259839,47.25604708084071,8519.80570908366,splashdown
163,372.22317967423004,0.9850123877144233,0.9713111922144663,0.4628382356347109,32.88056657172521,-121.02482714523657,61.38478354369108,3155.3641418458856,4.570926455342351,7.1468910104766,46.82822072186605,7983.143473339717,splashdown
164,333.6011419272117,0.9298209975948263,1.1075600466307098,0.41942349407383783,38.55854193915763,-113.25038548233904,1004.7441244199384,3382.712689209691,4.168883533582774,6.976447067740454,44.28907247256472,8152.846553754507,splashdown
165,350.54517325562875,0.9586323833074366,1.1201928268362213,-0.4542237508093416,31.731721310561333,-122.37621421186327,118.77539923820402,3226.4002746582582,4.2216075322391,7.017178752869517,46.819485815588244,7708.827714480646,splashdown
166,360.5309381814654,1.019955259298006,0.8649993567946725,-0.11192133791104743,33.869504131208814,-119.78959085093251,220.27705401819296,3124.814117431948,5.044123206734765,7.180324160447982,44.95990601119504,7793.061142747582,splashdown
167,357.7340480423561,1.0225931650023123,1.0162085062289798,0.5429035945219912,37.87053326059454,-114.35893814577105,881.3826984315061,3268.243518067105,4.768114266626557,7.0267397425182985,43.755985087560575,8034.4912944980415,splashdown
168,371.4258383442058,1.0207268182434948,0.9079744116194912,1.456726034362645,37.237406207422424,-115.28768524589529,773.4059094445016,3198.753100586575,4.964490993444083,7.1506525924466935,44.643205920359065,8164.263834205837,splashdown
169,355.25893281294185,0.8915891342996699,1.1262787737758935,0.30891775531288995,30.4858200124501,-123.76771641159081,310.45412592114246,3158.500634765557,4.343507187751598,7.078534601187775,48.620787972452334,8088.535558919672,splashdown
170,357.0249075079576,0.9565260620683425,0.9374718036275754,-0.07207966685983849,31.20739100252307,-122.98543785622219,200.8488096252616,3089.817254638724,4.849737831625828,7.182857759631765,47.19798358804549,7787.988763346759,splashdown
171,329.62481115988794,1.0005837730867513,1.0177561305588645,0.20063700340998142,29.715059115704864,-124.64084310008545,430.42926481089347,3135.3935913084993,4.436581524820823,7.0191447704913275,44.77067465223631,7246.665200357655,splashdown
172,335.5829935227243,1.0396134546432638,1.0756460065020175,0.07571604820275449,33.27863738219444,-120.52178612192046,125.85151277082073,3245.3939636232735,4.249751345217612,6.929968073977234,43.363143280946936,7387.248938088683,splashdown
173,359.41532952600966,1.0300515464644462,0.9347239969182674,0.6094807032680575,31.477017745262305,-122.68313030557636,159.33874521299796,3126.9810607910777,4.588965535908895,7.124063314439928,45.45306244552148,7574.143671813445,splashdown
174,350.654293769081,0.891635135498518,0.868080684562751,-0.70831106958259,29.408038736115742,-124.95504844944186,476.1220902777007,2994.2522644041846,5.238971281798978,7.288005636100178,48.44402964350078,7978.23628953425,splashdown
175,360.4125336030987,1.1127916698482962,0.9158407187562249,0.5274775927813506,36.55775544599008,-116.25338383738556,659.0145717159082,3170.2233642584238,5.030034659797104,7.048554847062545,42.20067412152209,7696.148373399612,splashdown
176,358.7056280025859,1.1001574888293062,0.9532973359623165,0.7344558840623233,32.163815746651956,-121.86646030370203,50.82231690851285,3151.798754882963,4.6339400640938955,7.048836704617783,43.916458272067906,7337.222736663252,splashdown
177,349.1579605424002,0.9252342255073636,1.0102965139186455,0.003211142330433391,30.877691733606245,-123.30229955762495,248.2273026771073,3139.570849609364,4.5344138565807475,7.12799839120912,47.44342148993043,7841.772560956153,splashdown
178,342.02480507870376,1.0100323165023655,1.2386397544212264,0.5898056974361667,28.69007989151376,-125.71117304383952,584.6374063084021,3208.316870116976,4.108779409908729,6.888086926648777,45.93484836579102,7254.207696792458,splashdown
179,352.78765233150534,1.0300594113116308,0.8830648410343256,-0.5237474295532344,33.24620339237147,-120.58213165411011,119.29916529607918,3108.4359985354195,4.999216293655744,7.140096968919548,44.40215523633879,7641.665979496805,splashdown
180,344.548167601038,1.053590542328748,0.955162334939298,-0.3308190327877839,32.05582074471259,-121.98489002443861,67.21182648936487,3175.3400756836945,4.4607067169415355,7.0421960382352005,43.67932215500379,7412.611730694533,splashdown
181,340.18386971834127,1.0603258518451095,1.1668512674346838,0.9744378320487815,33.67020765562484,-120.08618726570982,185.14829238814593,3294.369738769794,4.1214169744792555,6.857229850402583,43.35967733118907,7346.676048579094,splashdown
182,347.223917575979,1.079454839372376,0.8773302413125083,0.22606026891582012,31.800890602204603,-122.34079390572582,110.94372555963064,3127.656970214943,4.6069325156759175,7.103911417870963,43.48871486443844,7308.683872128242,splashdown
183,364.09057969543437,1.0003535155259649,1.0832186491661069,-0.2256284218147669,33.59812733972906,-120.1643725997551,174.37156979176677,3248.6089416506165,4.239889408285032,7.023713815494646,45.92769621706659,7859.999320382469,splashdown
184,360.64442629368176,0.971197744215112,0.8386342764128172,-1.0035735085913113,31.818516679160133,-122.27866044078993,105.42680800109653,3057.386981201275,5.004499196027409,7.251266178402187,46.38868582443478,7905.035653496112,splashdown
185,354.91929965794765,0.9865028443193918,1.0347566911816664,-0.5273461357920659,32.82053940669392,-121.06856272919354,53.86639085790445,3190.143267822435,4.361516643591815,7.050311348065174,45.579583170965854,7827.93919415272,splashdown
186,352.2857977937729,1.0577099160182206,1.046574685723946,0.27995508583487255,32.813364869457715,-121.07691273664534,52.753694280378895,3170.404522705303,4.660974930106837,6.981593089712234,44.1260005358398,7479.156468442908,splashdown
187,339.39227921260346,0.9632061549543778,1.0074298617940634,0.49258169536192686,30.75075004041426,-123.4937663448474,271.03877462001174,3186.4398010253417,4.17242211523955,7.077150667970477,46.00568253145946,7548.614349096385,splashdown
188,352.77748549444726,1.0902179347704681,0.8946254914637165,-0.44812928873826663,30.430062372583386,-123.86856617809501,321.6039825147524,3049.199926757837,5.198571459149019,7.1021487170188875,43.98574085061891,7252.302394719197,splashdown
189,344.9938124730726,1.0397473184596597,0.8683844538110015,-0.09699021161546015,32.985259277414094,-120.92053105633086,76.47667119996655,3095.918457031502,5.060938428205639,7.131715219343139,43.871675295923616,7486.0122121432005,splashdown
190,369.39957753268044,0.8961568533253592,0.9368715025476898,0.13367853312113562,31.922419840540602,-122.1283849671583,87.29099163288501,3101.5639770508787,4.865587639957743,7.258695415594416,49.33957682810456,8227.668006188143,splashdown
191,359.273941964681,0.9863446271747869,1.0210665341282317,0.4018748837521824,30.62133290477177,-123.64666076472001,291.54321334701393,3099.9584655761787,4.749156452230292,7.09405597439886,46.768246591295885,7674.015914235343,splashdown
192,358.73495420002115,1.100418023647927,0.9251536325231072,0.12947303871677962,28.786586624262124,-125.62907094320576,571.3201879229197,3056.582995605325,4.7189348213068385,7.106143265300043,44.92557034474063,7124.235723175395,splashdown
193,353.85167008468267,1.0120703179235115,0.9833325845591341,0.5103048555203629,29.81863298999212,-124.50871574897307,413.3052034982199,3127.4508361815338,4.486783164453066,7.096456726605562,45.99703550039904,7480.547153658488,splashdown
194,351.1942281876937,0.9792693776742813,0.9864516221410207,0.3636032339658045,35.600951236152945,-117.61159184027544,497.1318114660428,3254.9294738773624,4.479084210221303,7.074650849812864,44.66356777017406,8021.426292154445,splashdown
195,353.12603635202515,1.0672416829851383,0.9679577617777096,-0.12835279564318886,33.38792705715211,-120.40449129867883,142.12020679095818,3144.9279296877785,4.774762932207213,7.032545195188202,43.54241513932972,7549.382026931575,splashdown
196,357.7416455160242,1.0062686375572778,1.0224950874433423,-0.27580058674653896,37.216097029583445,-115.29383835966424,771.4392239041728,3234.897741699857,4.884590672689781,7.033729290228731,44.07787425937418,8105.257129774569,splashdown
197,346.6843141661035,0.9600866724768626,0.972038003844924,-1.0020353822324701,31.90047340352695,-122.17342441324732,91.97309745519115,3100.986840820451,4.957349385917759,7.1169368597473595,46.15152191909103,7725.913970979832,splashdown
198,350.23079469873113,1.0233476132144779,1.0908992835885294,-0.6126502057766234,33.94503227769751,-119.66778236787616,234.22512280021724,3257.893859863556,4.267656825305254,6.959135538954652,44.267757799618906,7693.80043170596,splashdown
199,347.58767387588387,1.0016170612821287,0.8466671957645677,0.4924967974727677,32.75047539303945,-121.18487302001938,40.57893160933023,3096.7677429201212,4.948618367808984,7.186290272038028,44.75253421507219,7674.474584213687,splashdown
200,353.017350237216,0.9570786607546091,1.0173543352755334,-0.013093201742504399,32.66296505211932,-121.32419631742458,24.4887046229744,3204.311706543105,4.324598440242233,7.092212223034394,46.46148449265194,7853.031094579378,splashdown
201,356.1926036308731,0.9592579677788913,1.2145917603098606,0.23182017551865147,29.80685086420324,-124.54452909550665,416.6246737392732,3208.055499267448,4.092171988879114,6.9723730925932275,47.61884335482341,7680.603670641614,splashdown
202,366.99235866769277,1.0056288052226094,0.8732163405659917,0.8025895458498108,30.94543255492663,-123.29148942889515,242.04867193590448,3058.9575378418326,5.059854626262323,7.222512892467875,46.65216654277755,7699.270528872004,splashdown
203,360.50867959085167,1.011528593932072,0.9494159598509321,-0.4543349791469776,34.42933090291222,-119.0941323379015,309.54316844118654,3184.9914794925294,4.584737150654836,7.109598737897557,45.06290429650823,7855.156377850063,splashdown
204,342.43921712611717,0.9777523218132452,0.930574406443707,0.46435006004508056,31.41225832120842,-122.7623444143772,169.74002349954088,3125.8713378906837,4.627008384935823,7.133075116300062,45.63561206934532,7568.319753158777,splashdown
205,364.705780199108,0.9216672605618136,0.9892507699032492,-0.40047416814983916,32.6082837528299,-121.33572437956839,19.545666748146747,3171.888800048953,4.476790033676044,7.168853801310223,47.884215798017316,8173.73188088057,splashdown
206,360.55905578783467,1.0025123864948031,1.0518207503952863,0.16041509745087554,31.012220025188192,-123.18231549182845,229.48884663452543,3154.3408142090097,4.5106851233015,7.062796633487186,46.631876305701745,7598.461246160246,splashdown
207,346.56421496192115,0.9916141143989667,0.770787247845281,-0.3740600987607894,31.89186369580734,-122.1936016373687,93.97981058427698,3051.824426269646,5.002611490360027,7.2715620430580135,45.05625728407908,7655.31950337781,splashdown
208,351.39334960369143,0.9673369109886746,1.1465555082530479,-0.6976505057279698,32.626493000205976,-121.3468946726513,20.09248227934018,3277.8581176758867,4.026934328477285,6.981613171570495,46.22775989938111,7777.683223514892,splashdown
209,348.83752552256277,1.0312491280996803,1.0026713438491517,0.14213585506436147,35.730112011362905,-117.377256929912,522.4410119431698,3212.594470215341,4.84905852602055,7.0157992723472615,43.5773452401742,7748.0869599074795,splashdown
210,353.38775179225365,1.0143321041477857,0.9867001405276893,-0.2181145098922262,38.19449223416598,-113.8540076852946,938.4093602562604,3287.370172119842,4.600014313729885,7.045695696491201,43.38590683658498,8096.828961131644,splashdown
211,359.31313835470496,1.100850776738843,1.177044185871845,0.5248161707807657,35.539277695771624,-117.64967702040413,489.95163878395215,3341.3070251469003,3.974024659984703,6.850445912509046,42.86651590952416,7619.324574299638,splashdown
212,342.4015356962505,1.0499314181407642,0.9058593655456771,0.4485023971626684,31.042727828734684,-123.19358552617872,227.7849077590797,3119.742987060584,4.540722109194161,7.100921706844573,44.22078428097796,7268.016921072182,splashdown
213,352.2062036255992,0.90485345875615,1.1154115794174937,0.5214726783388722,30.814083513519208,-123.40640960354118,260.1856155737966,3189.59520263667,4.365959699100035,7.069695093083713,48.15957253982717,7975.581450134501,splashdown
214,341.28383470375485,0.9423733066712819,0.9029142584889878,0.05505758921808516,29.70339373981079,-124.66935129963012,433.2608173127219,3050.894360351477,4.895364654756384,7.198258743674469,46.82229109805896,7601.415031412138,splashdown
215,332.19803972881857,0.9963953630738109,0.9845793211585105,-0.130623185606441,33.81513477255758,-119.86266555313566,211.2192792690195,3213.89622802762,4.381812428271211,7.027612932279135,43.80195823881235,7556.11667415365,splashdown
216,335.21353672678066,0.9663217735014649,0.8436362173124099,-0.2995250618594454,32.32443492789365,-121.68338979852442,26.028279834137226,3070.7314514161894,5.135047208353248,7.19071468558014,44.815536770272665,7653.700766716003,splashdown
217,345.6269487101826,1.0593802090889075,0.794191005074419,-0.2306643737944468,36.33924410466897,-116.57453906112417,621.4057671147212,3143.1558227544774,5.161676429733704,7.1716587729787875,42.42650245992529,7683.785043329148,splashdown
218,361.07162971070346,0.9993242823523186,0.9174087388983885,0.418649040618089,32.75891417592538,-121.14230630970812,44.16868642313434,3129.134051513867,4.827305025884089,7.160523511199671,45.929892296047974,7774.39909867585,splashdown
219,331.4779617244317,1.0354203758028708,0.9676485408815827,-0.38705354803757663,29.96047074099223,-124.36430319033232,392.27727276904386,3143.276794433516,4.4780759542592286,7.038895495438013,44.153342899919316,7138.358708212393,splashdown
220,379.15403857049154,1.0707557097564568,0.9785925843286596,0.2906395814810162,30.23975256314917,-124.03979840556813,348.26959010462343,3115.290838622988,4.619762629035287,7.102999240478674,46.01477050432298,7582.9485403047565,splashdown
221,358.7906457169492,1.0396361155965015,0.9039750919708327,0.10874156264546064,27.110845523672563,-127.31949778144757,820.884529482782,3015.8276000973387,4.762590992622909,7.185014670662865,46.50303239715424,7268.6662348269865,splashdown
222,351.2646895281416,0.8854868120664467,1.03700614045722,0.3340253006224413,29.415505516549665,-124.9424709660447,474.6846401287023,3105.351416015484,4.528249784854071,7.171750482953406,49.3994650958661,7881.222356805168,splashdown
223,362.46049133070625,1.0269486490890907,1.0221966755705847,-1.8534803164912421,32.921997100341436,-120.9648584283005,68.61951496363707,3166.7690246584143,4.570845033214361,7.0476377315487975,45.277138904867726,7724.347676404152,splashdown
224,365.00924369578206,1.0231494959188001,0.9126351636751328,0.7147900931752227,30.81774070564188,-123.41069012116724,260.1717315111601,3093.7941711425897,4.638215668464616,7.168361099930864,46.1952677330311,7605.484287654558,splashdown
225,353.2788743009447,0.9953323628774414,1.0294959168322635,0.05562122435014215,31.092987349486172,-123.11103393949818,218.3027257536382,3152.009472656268,4.483774542437036,7.0590917284577825,45.94318221822619,7624.605137915446,splashdown
226,357.22122073771334,0.9921942824551971,1.0706968326209354,0.17655995246050613,33.14728487951171,-120.71141847843579,103.00461811528952,3263.8695861818005,4.153114632764213,7.025486766655833,45.755014367339314,7799.908420417456,splashdown
227,345.45012856609577,1.0359716389155913,1.3432684699789181,-0.1710820942093034,32.014709730510575,-122.03377783740355,73.6964448922467,3290.766333007919,4.053512157238469,6.785089725867234,44.51065446521338,7428.026391734628,splashdown
228,375.23855314371497,0.9726639440168722,0.9981373000215169,-0.5814279374009883,35.08359716460032,-118.22528817080303,417.2104920680422,3176.3556213383063,4.810435450133002,7.129497342462738,46.64110384186239,8228.352007753985,splashdown
229,349.5122098343182,1.0298951144848087,0.9349896992276491,0.1676859701740129,34.72267204234477,-118.6858670591179,359.1272801954491,3179.825994873432,4.709260370438643,7.074778875462139,43.68097594433118,7745.282085297606,splashdown
230,342.1827072635399,1.0122258361668373,1.0232176026397133,-0.32448646600073217,35.520383614534886,-117.67952696439028,486.5409218546916,3246.843945312955,4.488712289025756,7.000559927945946,43.7460811991521,7703.748336402549,splashdown
231,351.30796313381944,0.9074272277266895,0.8112194931586836,0.3327986592015765,32.181370839152365,-121.87469774866132,49.94428089523686,3049.12680053725,5.1458617688037025,7.313459663412091,47.43289057114737,8049.040836590949,splashdown
232,358.7907238779717,1.0166851193339397,1.0415330010819233,-0.01800077547869422,32.97724835085271,-120.90185795349096,77.11014716045779,3188.154608154505,4.590353413490887,7.033077041488309,45.34294676045525,7710.592229046481,splashdown
233,358.2779589425101,0.9886885564445311,0.8642128792916843,-0.0912144244269642,32.421410891311815,-121.56701407101082,10.76552457702393,3082.3062011720494,5.043422734014593,7.2103897827936745,45.9335699656808,7790.658949018356,splashdown
234,343.28190579676505,0.9494696173322915,0.9263505918523077,0.3339864683783986,38.847204332508774,-112.81607776300454,1054.2413035799295,3306.342120362062,4.510991028236618,7.12552190725352,43.918453691434635,8318.456473919658,splashdown
235,334.5519280928624,0.9631110231650647,0.9001089582291703,-0.03919665422071732,30.2150989856379,-124.09102867925601,353.6398554237403,3092.5028320311926,4.690817909120669,7.158312725412315,45.616402241965154,7498.52098245832,splashdown
236,360.47979633896847,1.052206247900474,1.1726147774475881,-0.3487766359551469,32.332679632910136,-121.6534504079869,23.529370658351233,3244.7121215821594,4.262544177990017,6.91065508986412,44.886684154517624,7564.424538186789,splashdown
237,349.8283632548645,0.9850441557412775,0.982165221222208,0.44481174394378753,33.68930312701291,-120.02032796215711,191.01488161313705,3206.3790893557275,4.4527604871793764,7.085767253971255,45.37845248039469,7753.956883439307,splashdown
238,332.25968290334333,1.1210465431485037,0.8154511596561481,1.8249531488979993,31.90996830557241,-122.16154709450723,90.43573734766127,3086.2106567384426,5.0557810050796315,7.101366436529708,41.88407872485285,6985.554050417353,splashdown
239,350.07086397024386,1.01996891109735,0.8465147914415236,-0.025940987027503443,35.99052820377198,-117.04938834929902,563.7813759605348,3174.5365234379997,4.842638884111321,7.161641211672832,43.54760454853847,7872.238172274283,splashdown
240,348.03302144913164,1.0163496727011778,1.139026036017063,0.4593212799616851,33.65166483248523,-120.10509023982684,182.45647237338454,3286.799127197499,4.146467738753531,6.929974485374966,44.60739341841925,7622.752739417541,splashdown
241,348.88173955090895,0.9766029014383746,1.0892173989216059,-0.8161724202940767,30.490226769561733,-123.78827011991069,311.45137103066685,3183.20518188472,4.170991747479579,7.030412686004522,46.61615814909602,7549.341198812647,splashdown
242,349.52551925956686,0.9315757234042321,1.0269330946460522,-0.05453127485796956,30.3390657446644,-123.94545234970965,334.01945091522146,3142.585913085861,4.422633537216856,7.109518686429828,47.31954326975046,7816.219091475719,splashdown
243,344.5902037255928,0.9984536693582524,0.8853332538138289,0.9695748928630189,33.94366722246518,-119.70039275878362,231.92344015407917,3144.9435913089064,4.9232887836505865,7.142877721327374,44.467603776196306,7695.572794079741,splashdown
244,336.2507304654436,1.0635623308775453,0.9016977829619094,-0.417790792054795,32.91117277178093,-120.98811134454932,66.21400484389852,3166.3320617677755,4.562569930650522,7.056666835582216,42.701726099592044,7343.285226915034,splashdown
245,348.2172913400867,1.021426549824836,0.8804656214588322,-0.5114696671419968,33.2568374705936,-120.56327039559585,121.38394460248516,3154.028302002177,4.611110873844959,7.138563087438767,44.29029635650677,7626.851757030841,splashdown
246,364.9488844579087,1.0557556813576523,1.0425474976829154,-0.36139606837604815,33.63865289412235,-120.0843599357715,182.83945594510132,3197.187365722934,4.568873231601829,7.009945585813885,44.64830165672063,7686.855469046361,splashdown
247,343.7775950295265,0.9917578829897759,1.1535136175145375,-0.3486106162764792,34.52630647122733,-118.97506784867515,324.880628353067,3305.130718994446,4.057999303469432,6.921411392711687,44.39766683945109,7785.241010162496,splashdown
248,343.8672263527428,1.0057558731721687,0.8833542919931389,-0.2968347134857658,32.17728151192404,-121.84073050406175,48.08768228880175,3088.6104553224222,4.976093364134749,7.140874293715816,44.505312965291964,7602.17371935977,splashdown
249,349.67208231740847,1.0299481123148544,1.0725178878636104,0.9031983039905401,32.88012079424074,-120.98130029115923,64.36428560503542,3225.2758605958884,4.3184107460494845,6.978746283608342,44.611482286518125,7537.492192203029,splashdown
250,352.2720403148923,0.9861009793177007,0.9146386826062622,-0.36623464409329587,31.85756666670815,-122.22147284879448,98.55681561489808,3109.7005676270437,4.872564292550425,7.1469378087217885,45.433679216447494,7781.761748745862,splashdown
251,355.28945297770656,1.0586292980746481,0.8710014822542664,-0.645816061393481,38.903558709526656,-112.75130158858283,1062.5514789368092,3292.535559082788,4.61079939180462,7.115459438554475,42.32887355632829,8012.545385913018,splashdown
252,345.1880282797409,1.0364009376211731,0.9430692377093086,-0.018969801946338207,35.40342461665696,-117.83397083780297,467.44163025801447,3254.7045532230686,4.447998763205633,7.0564999072599965,43.41097328006775,7640.169987774844,splashdown
253,352.1668610988493,0.975402820464722,0.822641287816721,0.43477990992240717,31.37417776590498,-122.78216391527435,174.09406856496145,3062.8275756836565,4.982838753087699,7.253447578526602,46.09243817054586,7717.691383804627,splashdown
254,347.07914737314167,1.0968290839723442,1.044441630133131,-0.3164438378284809,33.45115314267882,-120.34287757580401,151.11561607072278,3223.1144592287797,4.376829027351562,6.937707500279298,42.9224725328965,7315.971719762366,splashdown
255,349.2115575991807,1.0459576766012766,1.0606902971198955,-0.98695131613555,31.253120911439975,-122.9049201228259,191.8852462082825,3191.192205810586,4.279433441710811,6.985912949501789,44.74402539709966,7365.564973144916,splashdown
256,351.97188323748355,1.029786299809529,1.271313204152262,-1.6311349292638861,31.776644372063483,-122.34555210361015,113.17127101674329,3300.5057312012154,3.892309516303385,6.844256565053249,45.10243895509616,7504.908897249717,splashdown
257,342.58009103183383,1.0396376106357623,1.0738598204667975,-0.02622179052674689,31.350171970172386,-122.79981124990232,177.18287520221674,3175.3177795410734,4.444628014614125,6.955993283317733,44.14267299942254,7384.605725871174,splashdown
258,341.6993083527957,0.9391626347643777,1.0021455984677756,-0.3122155777763924,30.614003299831946,-123.6304789072445,291.0680222998142,3175.6226684569806,4.332101018159605,7.118594365467267,47.06679432821473,7603.064649034889,splashdown
259,342.7065736318214,0.9898363323375875,1.034744788172529,-0.25128060374210276,31.522663217340927,-122.63686911488854,152.6424028042219,3174.3126037598204,4.4355529395739115,7.029832519044087,45.240541543120905,7564.083728503025,splashdown
260,327.2662473130592,1.061250208542437,0.9386372498890053,-0.5630783562921012,31.058822600722436,-123.12649936018123,222.06975649096248,3094.82446289071,4.9405716374413196,7.017535319241325,42.83662920305881,7110.226018812832,splashdown
261,341.4762783429408,1.018394781839226,0.9170039089798141,-0.8158231693333718,30.61450459536255,-123.63853188344763,291.5571378017822,3088.9332031250055,4.65410750715393,7.110765174011419,44.74485010749713,7387.491646414667,splashdown
262,358.4631585066521,1.042990969920719,0.8896898544058552,0.5021462186633113,32.108455160802144,-121.94288717563714,60.23397805295392,3103.4761230470267,4.763815981120214,7.151809133869007,45.06873359152333,7523.68027462669,splashdown
263,349.13748159631126,1.0396065690819878,0.9823205657472541,0.14735533850299923,32.82516623090575,-121.09788741068657,52.19429635627543,3155.823394775605,4.661485216733798,7.0401918461031485,44.22504400192155,7523.881739859733,splashdown
264,358.0192765190249,0.9458839297978499,1.0489675405439305,0.3806650038075724,34.57834746170661,-118.87539320925507,335.50316879838545,3248.8657287600763,4.389191569735258,7.074187905193132,46.33029878617061,8127.835690328812,splashdown
265,338.2831061330698,1.022310336559041,0.9951759438414594,-0.30107900533267973,34.64127132383068,-118.84400235387385,342.3793026006174,3260.0934326175284,4.334287914966006,7.010268000791452,43.5358576092887,7557.018721913609,splashdown
266,363.09534317030983,0.9637415686688838,1.154888949114387,0.14655299371889832,29.98435615021192,-124.36334071336442,390.28251843223063,3108.101434326132,4.607918319065916,7.027140986747268,47.91140405952919,7742.404807670815,splashdown
267,353.0580574430469,1.0380654506763354,1.1229668456897934,0.02537264888861155,28.47423495334668,-125.95062738128628,618.1290679932059,3124.714819335745,4.446286928310173,6.979360211221703,46.0508574961491,7258.380353522524,splashdown
268,354.5113601497085,1.0809573517190105,0.8841251149427848,-0.35765112180384234,33.70339572053168,-120.03529252023999,191.09751446607035,3104.768395996427,5.230820327861583,7.101414181127369,43.36312103324333,7504.824108812512,splashdown
269,330.71686157081194,0.963125574653182,1.0871658905829484,0.27246243906401135,31.369505254489574,-122.7762311371924,174.08240595187806,3256.7026733398275,3.97577952112374,6.98294203573437,45.16276683852941,7515.477946492124,splashdown
270,336.8984116068751,0.923805330717165,0.9543981997211665,0.4971826423400186,31.490914169957026,-122.63559773584201,155.10555711482277,3152.8175109863632,4.478835205023493,7.142097274875618,46.430806278326074,7749.191322307068,splashdown
271,360.8850312403275,0.8843427700726602,1.2293118883856913,0.35340726841183495,32.05361606810851,-122.01305776172221,69.21127439702495,3245.637469482471,4.1350748727328845,7.0182764444996835,48.90277705509761,8260.135285490362,splashdown
272,354.0803494773353,1.0437051802555628,0.9748133517309753,0.3454258505386856,30.51692001499047,-123.70941920000173,304.1127857206494,3138.3931274413794,4.461824421154145,7.074213012147861,45.18854625381233,7398.031247380813,splashdown
273,344.03542440320774,1.0098425999638272,0.8958850240951224,-0.0651641524953642,35.74046188768661,-117.38017709008058,523.0206910794539,3225.5020568852233,4.623889193020578,7.114761349962003,43.746777600781435,7757.4979513464805,splashdown
274,345.51216036417094,1.0525837371366293,1.174590588486975,-0.012032002279397666,30.052596104345856,-124.2731838293077,378.80465559081006,3211.4280151366456,4.044271439572016,6.8954657305167855,44.83233932654246,7217.9661516755195,splashdown
275,346.93675793837923,0.956421088723991,1.0324704190945568,0.03059926094660324,31.650772917798868,-122.48614032580261,132.4758387338084,3197.795196533251,4.309117886354339,7.080042737458284,46.61382800001539,7673.324225143758,splashdown
276,345.5033912595262,1.0349781501331483,0.9389384281984114,0.0014009479263468797,33.28272105347507,-120.5426084936362,124.76255850287332,3160.949969482671,4.654176069673948,7.071556945061058,43.98750517368305,7519.431574900053,splashdown
277,355.37980339671543,0.9670650276823074,1.1874266049989741,-1.071184880701771,31.645834846385288,-122.48853863012909,133.02765082042927,3227.908374023492,4.209746067106627,6.970564174334804,46.887522825527235,7740.836297586567,splashdown
278,356.4264916162436,0.9694133975123633,1.06187783218691,0.07546329878165212,33.284215489810244,-120.52937260341274,125.76556041043985,3191.1970397951586,4.519542004130915,7.052148480750415,46.2948449447538,7865.007270574358,splashdown
279,372.5861217812308,1.1083768745247853,0.994671991563037,-1.0636655456536173,30.589613807385177,-123.67592592986367,296.0286584368669,3110.291510009776,4.694075905945568,7.048419463341863,44.942918969729114,7373.275748253319,splashdown
280,338.74902420764494,0.9689963062552382,1.0421618788528886,0.3997075380332534,31.711635161023974,-122.38515371118125,120.97670523549034,3155.471166992285,4.595715860113077,7.032342956639424,45.48535279533177,7596.121887933403,splashdown
281,346.3300552732866,1.052342367508163,0.8838167636536359,0.1862219459944228,33.86731601520741,-119.7885311564622,220.18169251854542,3167.5352172854473,4.716930592368131,7.1019264589346225,43.308432933785674,7548.216200432546,splashdown
282,347.3230803690595,1.0268497124024198,1.030877767314353,0.22428637091858827,35.09593551271284,-118.21388760134015,418.9027264662899,3251.9417602543053,4.523943911353793,6.994662450938653,43.75667711063276,7704.486263820419,splashdown
283,352.96919323007796,0.9890306737144906,0.8979108451755523,-0.24133327151508083,32.94161200651647,-120.90603698643146,74.15365983952559,3110.7516662599805,4.904381750390643,7.159716132717063,45.283394731049775,7806.480840716471,splashdown
284,323.97547454303896,1.0260141805965928,0.9140249690324009,-0.32210234063105747,29.184950175583314,-125.20198760393517,510.5944294942179,3080.913757324094,4.64831261104561,7.077430788228382,43.90202254512724,7074.820891335338,splashdown
285,338.8667910293544,1.0282817325688682,1.0968886775638502,0.2055093026125841,33.025238662341714,-120.84492815613125,84.63398377001492,3257.6028076173716,4.239548527265791,6.931055359368936,43.82986181337971,7460.7942954274595,splashdown
286,347.5296456059611,0.876206191534299,0.9214351816255492,-0.154448606725631,39.05587002622666,-112.4872091115721,1090.944278863061,3268.295062256631,4.672410761521744,7.203662508118644,45.979427784390005,8701.609130619394,splashdown
287,362.07645534708644,0.9740908987102892,0.9203717770179328,0.35054862609228565,31.357971561003367,-122.82149485885215,177.9821745259056,3127.688934326206,4.543506503656425,7.195137448882352,47.104443440272654,7769.889573614174,splashdown
288,353.7580517786337,0.9535740110854412,0.7977822320094305,-0.3581816393264743,31.913060969675584,-122.17066599737593,90.78007230600139,3036.9340270997413,5.137627307995638,7.297034351945647,46.58994856007662,7845.767070565977,splashdown
289,358.9470370004482,0.9884993963841435,1.009787251927633,-1.0646322668714112,30.87620666066889,-123.35872150897278,252.04318905629898,3128.057324218755,4.605711092778783,7.094503125573689,46.48928046722012,7706.186416367958,splashdown
290,346.2287592920578,0.948732088798652,0.8654183207600895,-0.639270124011957,32.23823050880129,-121.81316275631853,41.37958842645357,3105.0405395509174,4.848691165498255,7.219668083234692,46.28029034250154,7778.685228687809,splashdown
291,360.8614878653649,1.0242887438816235,1.0859865083633704,-0.5429400159151643,28.554235054168164,-125.8717588884383,606.3646455023301,3097.723480224433,4.625673370876154,7.040537838484766,46.90552748684479,7376.411232703891,splashdown
292,338.2515198980316,0.9786632766167924,1.091450003695699,-0.3644623239918963,31.522554839879167,-122.61510248463856,151.21704541205526,3148.8397216797903,4.590136002122992,6.986376680085084,45.35914235669774,7529.842220077257,splashdown
293,323.08380387710173,0.8864186868688191,0.9440168426516959,-0.13693033023577308,32.803034123196845,-121.1059928576796,49.961280154036544,3166.7238769532905,4.588962005971068,7.140826234842441,46.0102250097039,7837.226223347942,splashdown
294,339.4395574572433,0.9726062673659723,0.7984775710550143,0.6213196304659053,33.931204510690726,-119.70566680357258,230.6198748434,3095.4382324221824,5.142962481932172,7.226449809051052,44.27932016914882,7830.623077602539,splashdown
295,339.38678832795625,1.0134335795083993,1.1109733451332542,0.1410733445867219,33.276355245575296,-120.55224660779776,123.62635613682737,3209.5459899904963,4.453976609018978,6.934943792296098,44.24701464458926,7507.6653843532185,splashdown
296,342.50348395300597,1.018350935279702,0.9640207576676415,-0.4185094690059647,31.897283717863424,-122.17284018811553,92.19350114080964,3162.515252685655,4.603709224935126,7.070653926208639,44.7628877422945,7413.931943253796,splashdown
297,334.02432989513005,0.9642664781465713,1.011599033524371,-0.3208673456117188,33.83554289712041,-119.8218723838727,215.51918775494843,3258.3215393068795,4.187431128789533,7.038025032516673,44.7140160412017,7686.516590943581,splashdown
298,366.0833079485812,0.9788427077735068,1.1488593945931362,-1.044470900856218,27.592342812435596,-126.83137527040269,748.8389396012305,3130.6257202145243,4.168395198715056,7.048008686472305,48.43762666054833,7575.381925314702,splashdown
299,357.88754763734516,0.9691160680169484,1.0141549280536284,0.6851477772631007,31.896870069481377,-122.16492609379016,91.71746572317774,3170.678741455155,4.363723432919272,7.0989293296935365,46.61158153607394,7827.147544930938,splashdown
300,371.64942704900005,1.027124090463404,0.9750814999777421,-0.7393810262675313,32.29805755228564,-121.71017949842226,29.89339638588149,3153.7207397462194,4.531382449294879,7.107070082418887,45.832307936376566,7814.894129624964,splashdown
