phase,event,t_s,alt_m,v_ms
ascent,liftoff,0.00,0.0,0.0
ascent,pitchover,7.30,145.2,40.6
ascent,gravity_turn,21.30,1319.7,134.4
ascent,sep_sable1,132.30,48092.8,2923.5
ascent,ignition_sable2,136.40,50656.4,2914.0
ascent,fairing_jettison,265.00,120029.3,3688.2
ascent,seco,466.20,200189.2,7364.7
cislunar,tli_ignition,3291.64,,
cislunar,tli_cutoff,3478.91,,
cislunar,perilune,282543.72,1999950.5,
cislunar,entry_handoff,562067.69,140000,
entry,entry_interface,562082.46,119999.9,10589.7
entry,deploy_drogue,562338.56,8997.8,106.1
entry,deploy_main,562548.96,2998.5,23.8
entry,splashdown,563155.96,-0.0,4.5
