mag_err,point_err_deg,tcm_dv_ms,tcm_prop_kg,perilune_km,perigee_km,corridor_ok
-0.00314,-0.2945,78.00,12.83,1999.9,29.70,1
0.00184,0.1836,44.62,7.34,2000.0,36.75,1
-0.00074,0.2259,18.69,3.10,2000.1,28.36,1
-0.00204,-0.0995,50.13,8.27,1999.9,31.15,1
0.00090,0.3562,22.63,3.74,1999.9,33.99,1
-0.00011,-0.3575,8.03,1.33,1999.9,38.21,1
0.00052,-0.2419,13.43,2.22,1999.9,39.37,1
-0.00080,0.2012,19.99,3.31,2000.1,30.13,1
-0.00063,0.0680,15.46,2.56,1999.9,31.97,1
0.00155,-0.1557,37.53,6.18,1999.9,37.29,1
0.00031,0.0636,7.57,1.26,1999.9,32.98,1
-0.00089,0.0936,21.90,3.63,2000.2,30.18,1
0.00307,0.0216,73.83,12.07,2000.4,39.08,1
0.00060,-0.0644,14.70,2.43,1999.8,37.80,1
0.00248,-0.3603,59.59,9.77,2000.2,39.95,1
-0.00215,-0.1742,52.99,8.74,1999.8,32.92,1
-0.00100,-0.4297,26.71,4.42,2000.2,35.91,1
-0.00136,0.2917,33.91,5.61,2000.1,28.86,1
-0.00014,0.3152,7.41,1.23,2000.1,28.87,1
0.00012,-0.1556,4.31,0.72,2000.0,35.25,1
0.00290,-0.4487,69.53,11.38,2000.3,41.92,1
0.00081,0.1945,20.03,3.31,1999.9,35.29,1
0.00318,0.1698,76.43,12.49,2000.2,38.20,1
-0.00248,-0.3190,61.72,10.17,1999.6,34.10,1
-0.00065,0.2518,16.84,2.79,2000.1,27.45,1
0.00030,-0.3964,10.52,1.74,1999.9,38.34,1
-0.00342,0.1686,84.51,13.89,1999.9,25.77,1
-0.00160,0.3703,40.18,6.64,1999.9,26.75,1
-0.00165,0.0485,40.30,6.66,2000.1,28.38,1
0.00019,0.0557,4.82,0.80,1999.9,35.35,1
0.00307,0.1689,73.89,12.08,2000.0,37.21,1
0.00068,-0.2780,17.03,2.82,2000.0,36.21,1
0.00021,0.3280,8.23,1.36,1999.9,27.91,1
-0.00032,-0.2492,9.57,1.59,2000.1,35.11,1
0.00196,-0.2337,47.34,7.78,1999.9,40.33,1
-0.00033,0.1288,8.50,1.41,2000.1,31.65,1
0.00109,0.1339,26.48,4.37,1999.9,34.67,1
-0.00111,0.1627,27.30,4.52,2000.2,29.37,1
0.00108,0.0925,26.15,4.32,2000.0,34.88,1
-0.00149,0.0169,36.41,6.02,2000.0,30.83,1
-0.00339,-0.0332,83.50,13.72,1999.9,28.39,1
0.00002,-0.4533,9.30,1.54,1999.9,37.79,1
-0.00318,0.2682,78.62,12.93,1999.9,26.19,1
0.00439,-0.0131,104.91,17.05,2000.2,39.45,1
-0.00034,-0.0605,8.33,1.38,2000.1,32.08,1
0.00327,0.2893,78.40,12.81,2000.3,37.08,1
0.00113,-0.0194,27.31,4.51,2000.0,35.42,1
-0.00034,0.2650,10.02,1.66,2000.2,27.95,1
-0.00210,0.1471,51.60,8.51,1999.8,28.38,1
-0.00138,-0.1260,33.81,5.59,2000.0,33.39,1
0.00318,-0.5093,76.26,12.46,2000.1,43.52,1
-0.00016,0.2232,6.13,1.02,2000.0,29.85,1
-0.00147,0.1140,36.09,5.97,2000.1,30.48,1
0.00068,0.4597,18.52,3.06,1999.9,33.31,1
0.00195,0.1082,47.01,7.73,2000.0,35.86,1
-0.00148,-0.0607,36.35,6.01,2000.1,29.85,1
0.00092,0.4303,23.52,3.89,1999.9,33.11,1
-0.00011,-0.1088,3.49,0.58,1999.9,34.89,1
0.00232,-0.1084,55.93,9.18,2000.0,39.29,1
-0.00088,-0.0803,21.58,3.57,2000.2,30.43,1
-0.00314,0.2174,77.48,12.74,1999.9,25.85,1
-0.00247,0.0545,60.74,10.01,1999.9,28.64,1
-0.00164,0.3105,40.75,6.73,2000.0,29.22,1
-0.00162,0.0267,39.57,6.54,2000.2,27.26,1
-0.00452,0.1690,94.33,15.49,-5.6,NaN,0
0.00045,0.3470,12.68,2.10,2000.0,31.74,1
0.00339,-0.2182,81.39,13.29,2000.1,40.43,1
-0.00014,-0.2102,5.59,0.93,2000.1,35.01,1
0.00124,0.0316,29.93,4.94,2000.0,36.73,1
0.00181,0.1916,43.82,7.21,2000.0,36.46,1
0.00040,0.0789,9.76,1.62,2000.0,35.35,1
-0.00145,0.2897,36.25,5.99,2000.2,25.51,1
0.00249,0.0132,60.00,9.84,2000.1,37.21,1
-0.00060,-0.1422,15.08,2.50,2000.0,32.83,1
-0.00012,-0.2325,5.74,0.95,2000.1,34.86,1
-0.00001,-0.0981,2.03,0.34,2000.0,34.77,1
-0.00310,-0.0115,76.39,12.56,1999.9,28.98,1
-0.00234,0.0373,57.46,9.47,1999.8,31.43,1
-0.00186,0.4498,46.98,7.75,1999.7,26.84,1
0.00068,0.0031,16.45,2.72,1999.8,36.92,1
0.00355,-0.1410,85.07,13.88,2000.1,42.01,1
-0.00259,0.0497,63.52,10.46,1999.9,29.92,1
0.00277,0.1200,66.68,10.92,2000.2,36.06,1
-0.00137,0.0506,33.45,5.53,2000.1,28.41,1
0.00049,-0.0228,11.86,1.96,1999.9,35.19,1
-0.00101,-0.1857,25.05,4.14,2000.1,32.57,1
0.00118,0.0575,28.54,4.71,1999.7,36.97,1
0.00341,-0.1447,81.78,13.35,2000.4,39.20,1
0.00019,0.3745,8.71,1.44,2000.0,29.27,1
0.00120,-0.1794,29.10,4.80,1999.9,37.53,1
-0.00122,-0.2436,30.51,5.05,2000.0,31.42,1
0.00060,-0.1327,14.79,2.45,2000.0,36.70,1
-0.00054,-0.0288,13.25,2.20,2000.2,30.67,1
0.00020,-0.1450,5.59,0.93,2000.0,34.86,1
0.00126,-0.0029,30.38,5.01,1999.9,36.45,1
0.00016,0.1639,5.12,0.85,2000.0,32.28,1
-0.00054,-0.0883,13.42,2.22,2000.0,33.90,1
-0.00068,-0.2578,17.66,2.93,2000.4,32.50,1
-0.00039,0.1515,10.05,1.67,2000.1,32.38,1
-0.00411,-0.1635,101.65,16.67,1999.8,30.31,1
